Invoice,StockCode,Description,Quantity,InvoiceDate,Price,CustomerID,Country
C536079,22943,CHRISTMAS LIGHTS 10 VINTAGE BAUBLES,-1,2010-11-30 11:10:00,4.95,17420,United Kingdom
542506,22730,ALARM CLOCK BAKELIKE IVORY,4,2011-01-28 12:06:00,3.75,16523,United Kingdom
544893,22699,ROSES REGENCY TEACUP AND SAUCER ,6,2011-02-24 12:01:00,2.95,17865,United Kingdom
538177,22284,HEN HOUSE DECORATION,3,2010-12-10 09:51:00,3.36,,United Kingdom
503859,22358,KINGS CHOICE TEA CADDY ,6,2010-04-08 10:30:00,2.95,14855,United Kingdom
548516,22193,RED DINER WALL CLOCK,1,2011-03-31 16:28:00,16.63,,United Kingdom
521950,21110,LARGE CAKE TOWEL PINK SPOTS,4,2010-09-09 17:19:00,6.75,15150,United Kingdom
540953,21078,SET/20 STRAWBERRY PAPER NAPKINS ,1,2011-01-12 13:16:00,0.85,14587,United Kingdom
529072,22371,AIRLINE BAG VINTAGE TOKYO 78,2,2010-10-26 12:22:00,4.25,12577,France
505579,22188,BLACK HEART CARD HOLDER,4,2010-04-23 12:13:00,3.39,17448,United Kingdom
494990,84992,72 SWEETHEART FAIRY CAKE CASES,24,2010-01-20 11:54:00,0.55,14388,United Kingdom
C543607,22423,REGENCY CAKESTAND 3 TIER,-1,2011-02-10 14:13:00,12.75,15602,United Kingdom
536762,22983,CARD BILLBOARD FONT,12,2010-12-02 14:40:00,0.42,16186,United Kingdom
537415,22960,JAM MAKING SET WITH JARS,6,2010-12-06 15:09:00,4.25,16654,United Kingdom
C563483,22927,GREEN GIANT GARDEN THERMOMETER,-1,2011-08-16 15:59:00,5.95,14175,United Kingdom
507649,M,Manual,1,2010-05-10 15:52:00,864.59,,United Kingdom
513336,21238,RED SPOTTY CUP,8,2010-06-24 09:51:00,0.85,12705,Germany
C514968,82483,WOOD 2 DRAWER CABINET WHITE FINISH,-1,2010-07-07 12:25:00,5.95,16554,United Kingdom
496801,22249,DECORATION WHITE CHICK MAGIC GARDEN,1,2010-02-03 17:06:00,1.66,,United Kingdom
496913,82607C,GLASS BONBON JAR. SUPERFINES,6,2010-02-04 15:19:00,1.25,16986,United Kingdom
554998,82482,WOODEN PICTURE FRAME WHITE FINISH,6,2011-05-29 15:35:00,2.55,15925,United Kingdom
499308,22266,EASTER DECORATION HANGING BUNNY,24,2010-02-26 10:11:00,0.65,14329,United Kingdom
547063,84510A,SET OF 4 ENGLISH ROSE COASTERS,1,2011-03-20 13:33:00,1.25,14769,United Kingdom
530161,22412,METAL SIGN NEIGHBOURHOOD WITCH ,4,2010-11-01 17:05:00,2.1,15456,United Kingdom
537225,51008,AFGHAN SLIPPER SOCK PAIR,10,2010-12-05 16:41:00,3.45,12748,United Kingdom
510441,20677,PINK SPOTTY BOWL,3,2010-05-30 14:50:00,1.25,17961,United Kingdom
556629,22427,ENAMEL FLOWER JUG CREAM,3,2011-06-13 14:55:00,5.95,14841,United Kingdom
535531,37446,MINI CAKE STAND WITH HANGING CAKES,3,2010-11-26 15:16:00,1.45,17841,United Kingdom
538529,84816,DANISH ROSE BEDSIDE CABINET,1,2010-12-13 10:24:00,39.95,14290,United Kingdom
560079,22706,WRAP COWBOYS  ,25,2011-07-14 16:12:00,0.42,15521,United Kingdom
489856,DOT,DOTCOM POSTAGE,1,2009-12-02 14:36:00,470.24,,United Kingdom
C492673,21929,JUMBO BAG PINK VINTAGE PAISLEY,-1,2009-12-17 18:13:00,1.95,13141,United Kingdom
561651,23169,CLASSIC GLASS COOKIE JAR,2,2011-07-28 15:36:00,8.29,,United Kingdom
C505403,21648,ASSORTED TUTTI FRUTTI SMALL PURSE,-3,2010-04-22 10:21:00,1.25,12982,United Kingdom
548152,22840,ROUND CAKE TIN VINTAGE RED,2,2011-03-29 13:04:00,7.95,17398,United Kingdom
495377,21535,RETRO SPOT SMALL MILK JUG,6,2010-01-24 13:36:00,2.55,14194,United Kingdom
520428,22620,4 TRADITIONAL SPINNING TOPS,48,2010-08-26 11:13:00,1.25,18093,United Kingdom
500353,21238,RED SPOTTY CUP,8,2010-03-07 15:25:00,0.85,12668,Germany
534459,22356,CHARLOTTE BAG PINK POLKADOT,2,2010-11-23 09:12:00,1.66,,United Kingdom
532382,22470,HEART OF WICKER LARGE,11,2010-11-11 18:24:00,2.95,16081,United Kingdom
546891,22356,CHARLOTTE BAG PINK POLKADOT,1,2011-03-17 18:18:00,1.63,,United Kingdom
527495,20679,EDWARDIAN PARASOL RED,2,2010-10-18 12:07:00,5.95,14796,United Kingdom
522068,20723,STRAWBERRY CHARLOTTE BAG,1,2010-09-10 17:19:00,0.85,16549,United Kingdom
547239,21324,HANGING MEDINA LANTERN SMALL,1,2011-03-21 16:32:00,2.95,,United Kingdom
502869,20685,DOOR MAT RED SPOT,2,2010-03-28 16:13:00,7.49,13113,United Kingdom
575853,23456,MEDIUM PARLOUR FRAME ,4,2011-11-11 12:18:00,4.15,16912,United Kingdom
505556,22607,WOODEN ROUNDERS GARDEN SET ,1,2010-04-23 10:02:00,8.5,,United Kingdom
556219,22427,ENAMEL FLOWER JUG CREAM,3,2011-06-09 14:19:00,5.95,17731,United Kingdom
536544,22080,RIBBON REEL POLKADOTS ,1,2010-12-01 14:32:00,3.36,,United Kingdom
514097,15044D,RED PAPER PARASOL,1,2010-06-30 12:27:00,5.91,,United Kingdom
552624,23158,SET OF 5 LUCKY CAT MAGNETS ,5,2011-05-10 12:53:00,2.08,14505,United Kingdom
564850,35819B,"ACRYLIC HANGING JEWEL,BLUE",10,2011-08-30 16:43:00,0.38,17298,United Kingdom
573379,23301,GARDENERS KNEELING PAD KEEP CALM ,12,2011-10-30 14:03:00,1.65,15680,United Kingdom
518432,22588,CARD HOLDER GINGHAM HEART,6,2010-08-09 11:06:00,2.55,14625,United Kingdom
535475,22869,NUMBER TILE COTTAGE GARDEN 1,1,2010-11-26 14:09:00,1.95,17817,United Kingdom
537034,22024,RAINY LADIES BIRTHDAY CARD,12,2010-12-03 17:20:00,0.42,13081,United Kingdom
539437,22962,JAM JAR WITH PINK LID,12,2010-12-17 14:54:00,1.66,,United Kingdom
577230,23301,GARDENERS KNEELING PAD KEEP CALM ,2,2011-11-18 12:08:00,1.65,18034,United Kingdom
558089,22743,MAKE YOUR OWN FLOWERPOWER CARD KIT,6,2011-06-26 12:36:00,2.95,13505,Switzerland
C496320,85048,15CM CHRISTMAS GLASS BALL 20 LIGHTS,-1,2010-01-31 12:36:00,7.95,15751,United Kingdom
537415,22960,JAM MAKING SET WITH JARS,6,2010-12-06 15:09:00,4.25,16654,United Kingdom
C497003,21217,RED SPOTTY ROUND CAKE TINS,-2,2010-02-05 12:00:00,9.95,15465,United Kingdom
513564,ADJUST2,Adjustment by Peter on Jun 25 2010 ,1,2010-06-25 14:15:00,300.13,17050,United Kingdom
560547,22566,FELTCRAFT HAIRBAND PINK AND PURPLE,12,2011-07-19 12:39:00,0.85,17419,United Kingdom
560926,22924,FRIDGE MAGNETS LA VIE EN ROSE,6,2011-07-22 09:20:00,1.8,,United Kingdom
490711,84671B,CROCHET BEAR WITH BLUE STRIPES,1,2009-12-07 15:26:00,2.55,17841,United Kingdom
547063,22329,ROUND CONTAINER SET OF 5 RETROSPOT,2,2011-03-20 13:33:00,1.65,14769,United Kingdom
495406,82613C,"METAL SIGN,CUPCAKE SINGLE HOOK",1,2010-01-25 09:54:00,2.51,,United Kingdom
556926,21381,MINI WOODEN HAPPY BIRTHDAY GARLAND,1,2011-06-15 14:26:00,1.69,16324,United Kingdom
576191,23583,LUNCH BAG PAISLEY PARK  ,2,2011-11-14 11:54:00,1.65,17377,United Kingdom
506269,79192A,RETRO PLASTIC 70'S TRAY,12,2010-04-28 15:00:00,1.25,15101,United Kingdom
503498,47579,TEA TIME BREAKFAST BASKET,6,2010-04-01 12:10:00,2.1,16551,United Kingdom
499824,21173,,-78,2010-03-02 16:10:00,0.0,,United Kingdom
557260,22341,LOVE GARLAND PAINTED ZINC ,12,2011-06-19 10:39:00,1.65,17932,United Kingdom
502749,22023,EMPIRE BIRTHDAY CARD,12,2010-03-26 13:08:00,0.42,18245,United Kingdom
510119,82581,TOILET METAL SIGN,4,2010-05-27 12:03:00,0.55,15719,United Kingdom
500654,POST,POSTAGE,1,2010-03-09 11:10:00,145.0,12668,Germany
502486,21242,RED SPOTTY PLATE ,2,2010-03-24 17:43:00,3.36,,United Kingdom
538177,22969,HOMEMADE JAM SCENTED CANDLES,2,2010-12-10 09:51:00,3.36,,United Kingdom
580280,23498,CLASSIC BICYCLE CLIPS ,12,2011-12-02 13:15:00,1.45,16133,United Kingdom
547551,DOT,DOTCOM POSTAGE,1,2011-03-23 15:55:00,128.25,,United Kingdom
541810,21174,POTTERING IN THE SHED METAL SIGN,1,2011-01-21 15:00:00,4.13,,United Kingdom
548545,37370,RETRO COFFEE MUGS ASSORTED,12,2011-03-31 19:12:00,1.25,13118,United Kingdom
560913,85035B,CHOCOLATE 3 WICK MORRIS BOX CANDLE,1,2011-07-21 18:07:00,4.25,17961,United Kingdom
572227,23346,SPACEBOY BEAKER,2,2011-10-21 14:01:00,1.25,15051,United Kingdom
554511,15034,PAPER POCKET TRAVELING FAN ,1,2011-05-24 15:52:00,0.83,,United Kingdom
541827,21026,SPACE OWL,7,2011-01-21 17:05:00,0.83,,United Kingdom
506794,35004C,SET OF 3 COLOURED  FLYING DUCKS,6,2010-05-04 12:22:00,5.45,13143,United Kingdom
560381,71477,COLOUR GLASS. STAR T-LIGHT HOLDER,24,2011-07-18 12:42:00,2.75,14733,United Kingdom
543734,84755,COLOUR GLASS T-LIGHT HOLDER HANGING,144,2011-02-11 12:22:00,0.55,17512,United Kingdom
547206,22423,REGENCY CAKESTAND 3 TIER,2,2011-03-21 14:18:00,12.75,16791,United Kingdom
525921,85136A,YELLOW SHARK HELICOPTER,2,2010-10-07 16:36:00,7.95,13280,United Kingdom
C569485,23236,STORAGE TIN VINTAGE DOILY ,-1,2011-10-04 12:47:00,2.89,12705,Germany
571465,21990,MODERN FLORAL STATIONERY SET,1,2011-10-17 14:29:00,1.25,14830,United Kingdom
518271,20718,RED SPOTTY SHOPPER BAG,30,2010-08-06 08:57:00,1.25,12633,Germany
548546,21403,BLUE EGG  SPOON,24,2011-03-31 19:20:00,0.12,16600,United Kingdom
C534027,85227,SET OF 6 3D KIT CARDS FOR KIDS,-1,2010-11-19 15:08:00,0.85,16571,United Kingdom
C574261,22636,CHILDS BREAKFAST SET CIRCUS PARADE,-4,2011-11-03 14:00:00,8.5,12683,France
570108,23493,VINTAGE DOILY TRAVEL SEWING KIT,10,2011-10-07 12:25:00,1.95,13004,United Kingdom
558906,22470,HEART OF WICKER LARGE,2,2011-07-04 16:35:00,2.95,15555,United Kingdom
530559,21986,PACK OF 12 PINK POLKADOT TISSUES,24,2010-11-03 13:44:00,0.29,13686,United Kingdom
517317,21217,RED SPOTTY ROUND CAKE TINS,1,2010-07-28 11:46:00,9.95,15596,United Kingdom
566008,21166,COOK WITH WINE METAL SIGN ,1,2011-09-08 12:04:00,2.08,16426,United Kingdom
C494791,22349,"DOG BOWL , CHASING BALL DESIGN",-2,2010-01-18 14:04:00,3.75,12649,Germany
525227,21877,HOME SWEET HOME MUG,12,2010-10-04 13:35:00,1.25,17696,United Kingdom
540252,22198,,-100,2011-01-05 16:25:00,0.0,,United Kingdom
565437,22735,RIBBON REEL SOCKS AND MITTENS,10,2011-09-04 13:48:00,1.65,17050,United Kingdom
521839,POST,POSTAGE,4,2010-09-09 10:50:00,18.0,12635,Germany
532663,47566B,TEA TIME PARTY BUNTING,12,2010-11-14 11:32:00,4.65,14936,Channel Islands
566062,23398,HANGING HEART BONHEUR,48,2011-09-08 15:39:00,0.85,14522,United Kingdom
528613,84032A,CHARLIE+LOLA PINK HOT WATER BOTTLE,2,2010-10-22 15:57:00,3.36,,United Kingdom
517235,82616A,BUBBLE GUM SCARF KNITTING KIT,1,2010-07-27 13:52:00,2.95,12804,Netherlands
C496362,84466,TOP SECRET PEN SET,-1,2010-02-01 10:22:00,1.25,17365,United Kingdom
567327,22197,POPCORN HOLDER,48,2011-09-19 14:43:00,0.85,13102,United Kingdom
548796,84596G,SMALL CHOCOLATES PINK BOWL,8,2011-04-04 12:42:00,0.42,15752,United Kingdom
522089,22169,FAMILY ALBUM WHITE PICTURE FRAME,1,2010-09-12 12:41:00,8.5,16387,United Kingdom
551714,M,Manual,1,2011-05-03 15:15:00,25.95,16806,United Kingdom
570024,23322,LARGE WHITE HEART OF WICKER,2,2011-10-07 10:29:00,2.95,17975,United Kingdom
516146,21328,BALLOONS  WRITING SET ,1,2010-07-16 17:58:00,3.36,,United Kingdom
518885,84510B,,1,2010-08-12 13:18:00,0.0,,United Kingdom
555133,23203,JUMBO BAG DOILEY PATTERNS,10,2011-05-31 15:32:00,2.08,16810,United Kingdom
571258,20749,ASSORTED COLOUR MINI CASES,5,2011-10-14 17:23:00,7.95,17837,United Kingdom
496597,21357,TOAST ITS - DINOSAUR,24,2010-02-02 16:16:00,1.25,16843,United Kingdom
573408,84879,ASSORTED COLOUR BIRD ORNAMENT,16,2011-10-30 15:59:00,1.69,16190,United Kingdom
543806,82582,AREA PATROLLED METAL SIGN,2,2011-02-13 12:48:00,2.1,17085,United Kingdom
489597,85086A,CANDY SPOT HEART DECORATION,1,2009-12-01 14:28:00,1.7,,United Kingdom
489857,21548,CERAMIC BIRDHOUSE FINCH BLUE ROOF,1,2009-12-02 14:43:00,6.04,,United Kingdom
500363,72807C,SET/3 VANILLA SCENTED CANDLE IN BOX,1,2010-03-07 16:20:00,4.25,,United Kingdom
C500733,22338,STAR DECORATION PAINTED ZINC ,-36,2010-03-09 16:25:00,0.65,13089,United Kingdom
490751,15056N,EDWARDIAN PARASOL NATURAL,60,2009-12-08 07:59:00,4.95,12358,Austria
520824,84975,HEART SHAPED MIRROR,1,2010-08-31 12:30:00,3.36,,United Kingdom
506472,22584,PACK OF 6 PANNETONE GIFT BOXES,6,2010-04-30 09:47:00,2.55,17230,United Kingdom
543553,21500,PINK POLKADOT WRAP ,25,2011-02-10 10:08:00,0.42,16359,United Kingdom
559372,22499,WOODEN UNION JACK BUNTING,3,2011-07-08 10:23:00,5.95,12461,Switzerland
505165,21871,SAVE THE PLANET MUG,4,2010-04-20 12:29:00,1.25,15885,United Kingdom
548011,22382,LUNCH BAG SPACEBOY DESIGN ,200,2011-03-29 11:14:00,1.45,14646,Netherlands
541516,20696,FLORAL SOFT CAR TOY,1,2011-01-18 17:34:00,3.29,,United Kingdom
534158,84836,ZINC METAL HEART DECORATION,12,2010-11-21 12:40:00,1.25,13988,United Kingdom
540856,22728,ALARM CLOCK BAKELIKE PINK,4,2011-01-12 10:16:00,3.75,16655,United Kingdom
490074,21543,BUTTERFLY WATER TRANSFER TATTOOS ,1,2009-12-03 14:39:00,1.7,,United Kingdom
550938,15056N,EDWARDIAN PARASOL NATURAL,3,2011-04-21 15:16:00,5.95,16019,United Kingdom
516790,20727,LUNCH BAG  BLACK SKULL.,2,2010-07-23 10:35:00,1.65,17963,United Kingdom
547967,23194,GYMKHANA TREASURE BOOK BOX,1,2011-03-28 15:49:00,4.58,,United Kingdom
526462,21621,VINTAGE UNION JACK BUNTING,2,2010-10-11 16:14:00,8.5,15024,United Kingdom
547498,22633,HAND WARMER UNION JACK,3,2011-03-23 12:24:00,2.1,15021,United Kingdom
C562375,22698,PINK REGENCY TEACUP AND SAUCER,-48,2011-08-04 14:46:00,2.55,14911,EIRE
558390,85099B,JUMBO BAG RED RETROSPOT,30,2011-06-29 10:23:00,2.08,13461,United Kingdom
560772,84876B,GREEN HEART COMPACT MIRROR,1,2011-07-20 16:12:00,2.46,,United Kingdom
551961,22906,12 MESSAGE CARDS WITH ENVELOPES,12,2011-05-05 12:39:00,1.65,13883,United Kingdom
507176,16161U,"WRAP,SUKI AND FRIENDS",25,2010-05-06 15:05:00,0.42,17069,United Kingdom
526637,21213,PACK OF 72 SKULL CAKE CASES,48,2010-10-12 13:16:00,0.55,14688,United Kingdom
537645,DOT,DOTCOM POSTAGE,1,2010-12-07 15:34:00,607.96,,United Kingdom
571475,21982,PACK OF 12 SUKI TISSUES ,12,2011-10-17 14:42:00,0.39,15033,United Kingdom
555567,46000M,POLYESTER FILLER PAD 45x45cm,12,2011-06-05 15:25:00,1.55,17050,United Kingdom
537666,22419,LIPSTICK PEN RED,4,2010-12-07 18:36:00,0.85,,United Kingdom
C550475,82581,TOILET METAL SIGN,-2,2011-04-18 13:59:00,0.42,13798,United Kingdom
569799,23326,HANGING MINI COLOURED BOTTLES,48,2011-10-06 11:47:00,0.63,13602,United Kingdom
C562438,22423,REGENCY CAKESTAND 3 TIER,-1,2011-08-04 17:58:00,12.75,14621,United Kingdom
C517068,20914,SET/5 RED SPOTTY LID GLASS BOWLS,-6,2010-07-26 13:46:00,2.95,16555,United Kingdom
534289,21354,TOAST ITS - BEST MUM,1,2010-11-22 11:25:00,2.51,,United Kingdom
C505680,M,Manual,-1,2010-04-23 15:49:00,223.64,,United Kingdom
492251,22139,RETRO SPOT TEA SET CERAMIC 11 PC ,3,2009-12-16 10:51:00,4.95,14156,EIRE
513963,85099C,JUMBO  BAG BAROQUE BLACK WHITE,200,2010-06-29 15:17:00,1.65,13694,United Kingdom
538866,21259,VICTORIAN SEWING BOX SMALL ,4,2010-12-14 14:40:00,5.95,17841,United Kingdom
563950,23316,RED REFECTORY CLOCK ,2,2011-08-22 10:39:00,9.95,12471,Germany
525524,48138,DOORMAT UNION FLAG,1,2010-10-05 17:55:00,7.95,15750,United Kingdom
529828,20717,STRAWBERRY SHOPPER BAG,2,2010-10-31 12:00:00,1.25,17609,United Kingdom
536004,21770,,2,2010-11-29 14:37:00,0.0,,United Kingdom
543990,22767,TRIPLE PHOTO FRAME CORNICE ,2,2011-02-15 09:59:00,9.95,15122,United Kingdom
C519496,22073,RED RETROSPOT STORAGE JAR,-2,2010-08-17 14:03:00,3.75,14590,United Kingdom
562933,82578,KITCHEN METAL SIGN,1,2011-08-10 16:51:00,1.25,,United Kingdom
492016,82483,WOOD 2 DRAWER CABINET WHITE FINISH,4,2009-12-15 12:03:00,5.95,17233,United Kingdom
506224,84709B,PINK OVAL JEWELLED MIRROR,1,2010-04-28 11:55:00,5.91,,United Kingdom
535993,21891,TRADITIONAL WOODEN SKIPPING ROPE,12,2010-11-29 13:42:00,1.25,12870,United Kingdom
552658,85141,JARDIN ETCHED GLASS FRUITBOWL,1,2011-05-10 14:57:00,3.95,14534,United Kingdom
501268,21340,CLASSIC METAL BIRDCAGE PLANT HOLDER,1,2010-03-15 13:06:00,9.95,15251,United Kingdom
534652,21871,SAVE THE PLANET MUG,1,2010-11-23 13:26:00,1.25,14170,United Kingdom
528919,47591D,PINK FAIRY CAKE CHILDRENS APRON,2,2010-10-25 14:27:00,1.95,16259,United Kingdom
544664,22715,CARD WEDDING DAY,12,2011-02-22 14:55:00,0.42,16045,United Kingdom
520484,22366,DOORMAT AIRMAIL ,2,2010-08-26 11:43:00,7.49,14930,Channel Islands
536557,22694,WICKER STAR ,2,2010-12-01 14:41:00,2.1,17841,United Kingdom
570653,23137,ZINC WIRE SWEETHEART LETTER TRAY,1,2011-10-11 13:49:00,3.75,14710,United Kingdom
516475,21733,RED HANGING HEART T-LIGHT HOLDER,6,2010-07-20 16:23:00,2.95,14040,United Kingdom
529507,21498,RED RETROSPOT WRAP ,25,2010-10-28 14:29:00,0.42,16129,United Kingdom
580648,POST,POSTAGE,1,2011-12-05 13:15:00,18.0,12628,Germany
510898,90000C,,1,2010-06-04 10:09:00,0.0,,United Kingdom
557296,21933,PINK VINTAGE PAISLEY PICNIC BAG,2,2011-06-19 13:51:00,1.65,15334,United Kingdom
524409,22835,HOT WATER BOTTLE I AM SO POORLY,4,2010-09-29 09:46:00,4.65,12975,United Kingdom
534747,22687,amazon adjustment,2,2010-11-24 09:50:00,0.0,,United Kingdom
572550,84510A,SET OF 4 ENGLISH ROSE COASTERS,1,2011-10-24 17:06:00,2.46,,United Kingdom
526764,21242,RED RETROSPOT PLATE ,5,2010-10-13 11:10:00,1.69,17179,United Kingdom
515635,84839,SWEETHEART KEY CABINET,2,2010-07-14 10:41:00,6.75,17714,United Kingdom
513596,21238,RED SPOTTY CUP,8,2010-06-27 11:15:00,0.85,16258,United Kingdom
539421,22445,PENCIL CASE LIFE IS BEAUTIFUL,6,2010-12-17 14:21:00,2.95,14016,EIRE
570458,84580,MOUSE TOY WITH PINK T-SHIRT,2,2011-10-10 15:39:00,3.75,14535,United Kingdom
540848,21112,"SWISS ROLL TOWEL, PINK  SPOTS",4,2011-01-12 09:26:00,2.51,,United Kingdom
497899,22208,WOOD STAMP SET THANK YOU,12,2010-02-14 12:49:00,1.65,16136,United Kingdom
553356,23199,JUMBO BAG APPLES,10,2011-05-16 14:05:00,2.08,14038,United Kingdom
546760,22138,BAKING SET 9 PIECE RETROSPOT ,3,2011-03-16 14:00:00,4.95,12597,Spain
580272,22141,CHRISTMAS CRAFT TREE TOP ANGEL,2,2011-12-02 12:52:00,2.1,15547,United Kingdom
546980,22890,NOVELTY BISCUITS CAKE STAND 3 TIER,2,2011-03-18 12:18:00,9.95,13591,United Kingdom
C510809,22198,LARGE POPCORN HOLDER ,-1,2010-06-03 19:18:00,1.65,18223,United Kingdom
490612,85196,EASTER BUNNIES ON A STICK,12,2009-12-07 11:46:00,0.55,17508,Greece
558991,21948,SET OF 6 CAKE CHOPSTICKS,2,2011-07-05 11:32:00,1.25,14606,United Kingdom
547828,22854,CREAM SWEETHEART EGG HOLDER,4,2011-03-25 15:18:00,4.95,16618,United Kingdom
576771,23208,LUNCH BAG VINTAGE LEAF DESIGN,10,2011-11-16 13:19:00,1.65,13285,United Kingdom
542386,22835,HOT WATER BOTTLE I AM SO POORLY,8,2011-01-27 14:35:00,4.65,17540,United Kingdom
566438,23410,CURIO CABINET LINEN AND LACE ,1,2011-09-12 15:14:00,8.15,15996,United Kingdom
559693,90175D,TIGRIS EYE CHUNKY CHARM BRACELET,1,2011-07-11 16:21:00,9.15,,United Kingdom
559662,22355,CHARLOTTE BAG SUKI DESIGN,10,2011-07-11 13:32:00,0.85,16572,United Kingdom
529847,21165,BEWARE OF THE CAT METAL SIGN ,3,2010-10-31 13:23:00,1.69,13050,United Kingdom
570688,22738,RIBBON REEL SNOWY VILLAGE,1,2011-10-11 16:29:00,3.29,,United Kingdom
506724,84839,SWEETHEART KEY CABINET,2,2010-05-04 10:02:00,12.72,,United Kingdom
545475,22539,MINI JIGSAW DOLLY GIRL,240,2011-03-03 10:59:00,0.36,12415,Australia
509300,20819,SILVER TEDDY BEAR,24,2010-05-21 11:59:00,1.25,12355,Bahrain
513574,22619,SET OF 6 SOLDIER SKITTLES,2,2010-06-25 15:13:00,7.62,,United Kingdom
525071,22949,36 DOILIES DOLLY GIRL,12,2010-10-03 14:50:00,1.45,12583,France
521973,20711,JUMBO BAG TOYS ,4,2010-09-09 19:46:00,1.95,17366,United Kingdom
578034,POST,POSTAGE,5,2011-11-22 13:47:00,15.0,14646,Netherlands
494471,21484,CHICK GREY HOT WATER BOTTLE,2,2010-01-14 14:48:00,3.45,13680,United Kingdom
559342,85169A,IVORY LOVE BIRD CANDLE,12,2011-07-07 16:59:00,1.25,14493,United Kingdom
503940,DOT,DOTCOM POSTAGE,1,2010-04-08 14:47:00,42.38,,United Kingdom
C559486,23111,PARISIENNE SEWING BOX,-1,2011-07-08 13:51:00,12.5,13047,United Kingdom
568134,22592,CARDHOLDER HOLLY WREATH METAL,1,2011-09-23 17:02:00,7.46,,United Kingdom
520952,22680,"FRENCH BLUE METAL DOOR SIGN, 5",6,2010-09-01 11:43:00,1.25,14901,United Kingdom
C511293,71477,COLOUR GLASS. STAR T-LIGHT HOLDER,-5,2010-06-07 15:04:00,2.75,17588,United Kingdom
546888,20659,ECONOMY LUGGAGE TAG,5,2011-03-17 18:15:00,2.46,,United Kingdom
551400,85099B,JUMBO BAG RED RETROSPOT,10,2011-04-28 13:18:00,2.08,17160,United Kingdom
575668,23318,BOX OF 6 MINI VINTAGE CRACKERS,2,2011-11-10 14:59:00,2.49,18283,United Kingdom
570225,23157,SET OF 6 NATIVITY MAGNETS ,4,2011-10-09 13:15:00,2.08,16595,United Kingdom
546651,DOT,DOTCOM POSTAGE,1,2011-03-15 14:17:00,112.67,,United Kingdom
500091,35971,ROSE FOLKART HEART DECORATIONS,4,2010-03-04 12:06:00,2.51,,United Kingdom
C540171,D,Discount,-1,2011-01-05 12:26:00,22.97,14527,United Kingdom
535088,22644,CERAMIC CHERRY CAKE MONEY BANK,12,2010-11-25 10:05:00,1.45,17167,United Kingdom
530818,21667,GLASS CAKE COVER AND PLATE,1,2010-11-04 13:14:00,16.95,13772,United Kingdom
495805,77101A,UNION FLAG WINDSOCK,1,2010-01-26 17:51:00,2.51,,United Kingdom
578347,15056N,EDWARDIAN PARASOL NATURAL,1,2011-11-24 09:26:00,12.46,,United Kingdom
566269,20686,DOLLY MIXTURE CHILDREN'S UMBRELLA,1,2011-09-11 13:39:00,3.25,17864,United Kingdom
539451,DOT,DOTCOM POSTAGE,1,2010-12-17 16:59:00,662.14,,United Kingdom
491155,20963,APPLE BATH SPONGE,4,2009-12-10 09:49:00,2.57,,United Kingdom
559541,22185,SLATE TILE NATURAL HANGING,36,2011-07-10 12:40:00,1.45,18024,United Kingdom
C564492,S,SAMPLES,-1,2011-08-25 14:16:00,34.9,,United Kingdom
573585,22905,CALENDAR IN SEASON DESIGN,5,2011-10-31 14:41:00,2.46,,United Kingdom
506556,22458,CAST IRON HOOK GARDEN FORK,2,2010-04-30 11:28:00,2.55,14994,United Kingdom
526155,20975,12 PENCILS SMALL TUBE RED RETROSPOT,768,2010-10-08 15:56:00,0.65,17404,Sweden
512939,85160B,BLACK BIRD GARDEN DESIGN MUG,6,2010-06-20 13:43:00,1.25,17618,United Kingdom
570273,23503,PLAYING CARDS KEEP CALM & CARRY ON,12,2011-10-10 10:51:00,1.25,13373,United Kingdom
574672,23076,ICE CREAM SUNDAE LIP GLOSS,24,2011-11-06 12:25:00,1.25,13532,United Kingdom
556300,20735,,-472,2011-06-10 10:18:00,0.0,,United Kingdom
506025,85119,WATERING CAN SINGLE HOOK PISTACHIO,8,2010-04-27 11:38:00,1.69,16543,United Kingdom
504635,21623,VINTAGE UNION JACK MEMOBOARD,2,2010-04-15 13:52:00,9.95,15615,United Kingdom
568798,22111,SCOTTIE DOG HOT WATER BOTTLE,3,2011-09-29 10:23:00,4.95,12615,France
525874,22750,FELTCRAFT PRINCESS LOLA DOLL,3,2010-10-07 14:06:00,3.75,14692,United Kingdom
527043,21213,PACK OF 72 SKULL CAKE CASES,2,2010-10-14 12:32:00,0.55,18090,United Kingdom
C547229,22801,ANTIQUE GLASS PEDESTAL BOWL,-1,2011-03-21 15:49:00,3.75,17213,United Kingdom
553546,21888,BINGO SET,144,2011-05-17 15:42:00,3.39,12415,Australia
573509,23344,JUMBO BAG 50'S CHRISTMAS ,10,2011-10-31 12:21:00,2.08,16169,United Kingdom
512168,47597,NEW ENGLAND TEATOWELS,2,2010-06-14 11:24:00,1.66,,United Kingdom
563588,23298,SPOTTY BUNTING,196,2011-08-17 19:15:00,4.15,17450,United Kingdom
576618,90036C,"FLOWER GLASS GARLAND NECKL.36""BLUE",1,2011-11-15 17:00:00,7.9,,United Kingdom
519507,20726,LUNCH BAG WOODLAND,10,2010-08-17 15:17:00,1.65,15144,United Kingdom
556426,22631,CIRCUS PARADE LUNCH BOX ,3,2011-06-10 13:18:00,1.95,16729,United Kingdom
533311,22459,CAST IRON HOOK GARDEN TROWEL,2,2010-11-16 17:03:00,2.55,16904,United Kingdom
581059,22910,PAPER CHAIN KIT VINTAGE CHRISTMAS,6,2011-12-07 11:12:00,2.95,13267,United Kingdom
C580954,21242,RED RETROSPOT PLATE ,-5,2011-12-06 14:19:00,1.69,12967,United Kingdom
C521164,21682,LARGE MEDINA STAMPED METAL BOWL ,-1,2010-09-02 14:33:00,4.95,17867,United Kingdom
537197,84997D,PINK 3 PIECE POLKADOT CUTLERY SET,6,2010-12-05 14:02:00,3.75,12647,Germany
550131,22855,FINE WICKER HEART ,12,2011-04-14 13:27:00,1.25,15935,United Kingdom
537624,72802B,OCEAN SCENT CANDLE IN JEWELLED BOX,1,2010-12-07 14:41:00,4.25,12748,United Kingdom
529813,22173,METAL 4 HOOK HANGER FRENCH CHATEAU,1,2010-10-31 11:09:00,2.95,13888,United Kingdom
562143,20972,PINK CREAM FELT CRAFT TRINKET BOX ,36,2011-08-03 10:41:00,1.25,16422,United Kingdom
537666,85199S,SMALL HANGING IVORY/RED WOOD BIRD,5,2010-12-07 18:36:00,0.85,,United Kingdom
534389,85203,HANGING WOOD AND FELT BUTTERFLY ,1,2010-11-22 13:02:00,0.84,,United Kingdom
497188,21339,,-3,2010-02-05 17:46:00,0.0,,United Kingdom
550144,22669,RED BABY BUNTING ,3,2011-04-14 14:14:00,2.95,16520,United Kingdom
555853,22469,HEART OF WICKER SMALL,2,2011-06-07 13:44:00,1.65,14375,United Kingdom
491457,21146,ANTIQUE GLASS RIDGED HANGING BALL,4,2009-12-11 11:26:00,1.95,15998,United Kingdom
527474,22749,FELTCRAFT PRINCESS CHARLOTTE DOLL,2,2010-10-18 11:25:00,3.75,17220,United Kingdom
524311,22806,SET OF 6 T-LIGHTS WEDDING CAKE ,1,2010-09-28 14:09:00,2.95,17841,United Kingdom
580136,16169E,WRAP 50'S  CHRISTMAS,1,2011-12-01 19:42:00,0.42,17841,United Kingdom
516839,20726,LUNCH BAG WOODLAND,10,2010-07-23 11:17:00,1.65,12647,Germany
553044,POST,POSTAGE,2,2011-05-13 09:24:00,18.0,12682,France
538566,22411,JUMBO SHOPPER VINTAGE RED PAISLEY,1,2010-12-13 11:21:00,4.21,,United Kingdom
579171,22197,POPCORN HOLDER,12,2011-11-28 14:30:00,0.85,13030,United Kingdom
C510809,22041,"RECORD FRAME 7"" SINGLE SIZE ",-4,2010-06-03 19:18:00,2.55,18223,United Kingdom
567024,22114,HOT WATER BOTTLE TEA AND SYMPATHY,14,2011-09-16 11:23:00,9.13,,United Kingdom
524021,22951,72 CAKE CASES DOLLY GIRL DESIGN,24,2010-09-27 10:36:00,0.55,13015,United Kingdom
579416,22728,ALARM CLOCK BAKELIKE PINK,8,2011-11-29 13:00:00,3.75,12471,Germany
528938,22950,,-96,2010-10-25 15:27:00,0.0,,United Kingdom
574839,23284,DOORMAT KEEP CALM AND COME IN,1,2011-11-07 11:40:00,8.25,15493,United Kingdom
C515699,21843,RED RETROSPOT CAKE STAND,-1,2010-07-14 12:22:00,10.95,15076,United Kingdom
559357,21165,BEWARE OF THE CAT METAL SIGN ,2,2011-07-07 18:56:00,1.69,17107,United Kingdom
547921,84625A,PINK NEW BAROQUECANDLESTICK CANDLE,24,2011-03-28 13:28:00,0.85,14766,United Kingdom
503964,79191C,RETRO PLASTIC ELEPHANT TRAY,12,2010-04-08 17:04:00,0.85,12998,United Kingdom
525765,22652,TRAVEL SEWING KIT,10,2010-10-07 10:41:00,1.65,13013,United Kingdom
542600,22844,VINTAGE CREAM DOG FOOD CONTAINER,1,2011-01-30 11:11:00,8.5,16923,United Kingdom
507778,16169A,,-23,2010-05-11 12:26:00,0.0,,United Kingdom
512766,21366,MIRRORED WALL ART PHOTO FRAMES,1,2010-06-17 16:20:00,4.25,13077,United Kingdom
541848,22037,ROBOT BIRTHDAY CARD,12,2011-01-23 13:31:00,0.42,17611,United Kingdom
551340,85123A,WHITE HANGING HEART T-LIGHT HOLDER,2,2011-04-27 17:23:00,2.95,,United Kingdom
523718,85099B,JUMBO BAG RED RETROSPOT,10,2010-09-23 15:48:00,1.95,13985,United Kingdom
523792,84997A,GREEN 3 PIECE POLKADOT CUTLERY SET,1,2010-09-24 11:34:00,3.75,14994,United Kingdom
580647,37340,MULTICOLOUR SPRING FLOWER MUG,6,2011-12-05 13:14:00,0.39,14083,United Kingdom
503941,85071C,"CHARLIE+LOLA""EXTREMELY BUSY"" SIGN",96,2010-04-08 15:04:00,0.38,13044,United Kingdom
490292,21239,PINK  SPOTTY CUP,1,2009-12-04 13:23:00,0.85,16723,United Kingdom
C555729,23110,PARISIENNE KEY CABINET ,-1,2011-06-06 16:50:00,5.75,13552,United Kingdom
536394,85152,HAND OVER THE CHOCOLATE   SIGN ,12,2010-12-01 10:39:00,2.1,13408,United Kingdom
C502744,35400,WOODEN BOX ADVENT CALENDAR ,-2,2010-03-26 12:40:00,8.95,14994,United Kingdom
C543109,22291,HANGING CHICK CREAM DECORATION,-24,2011-02-03 12:39:00,1.45,12775,Netherlands
536395,84991,60 TEATIME FAIRY CAKE CASES,24,2010-12-01 10:47:00,0.55,13767,United Kingdom
574352,22470,HEART OF WICKER LARGE,120,2011-11-04 10:38:00,1.97,18102,United Kingdom
C508926,79323S,SILVER CHERRY LIGHTS,-5,2010-05-19 11:17:00,6.75,16167,United Kingdom
537700,35004C,SET OF 3 COLOURED  FLYING DUCKS,48,2010-12-08 10:51:00,4.65,18229,United Kingdom
506958,21586,KINGS CHOICE GIANT TUBE MATCHES,8,2010-05-05 11:54:00,2.55,14878,United Kingdom
493149,17164D,,784,2009-12-22 11:38:00,0.0,,United Kingdom
538061,21801,,-38,2010-12-09 13:39:00,0.0,,United Kingdom
C553025,22666,RECIPE BOX PANTRY YELLOW DESIGN,-1,2011-05-12 19:33:00,2.95,13971,United Kingdom
540154,84913A,SOFT PINK ROSE TOWEL ,2,2011-01-05 11:30:00,3.36,,United Kingdom
577309,84970S,HANGING HEART ZINC T-LIGHT HOLDER,12,2011-11-18 13:14:00,0.85,15933,United Kingdom
536363,22502,PICNIC BASKET WICKER SMALL,16,2010-11-30 19:27:00,4.95,13093,United Kingdom
545024,22961,JAM MAKING SET PRINTED,1,2011-02-25 14:38:00,3.29,,United Kingdom
567338,22969,HOMEMADE JAM SCENTED CANDLES,12,2011-09-19 15:00:00,1.45,14146,United Kingdom
531922,22383,LUNCH BAG SUKI  DESIGN ,2,2010-11-10 12:09:00,1.65,17974,United Kingdom
497136,84448,,-11,2010-02-05 15:34:00,0.0,,United Kingdom
555872,23301,GARDENERS KNEELING PAD KEEP CALM ,12,2011-06-07 15:04:00,1.65,13395,United Kingdom
565835,22203,MILK PAN RED RETROSPOT,1,2011-09-07 11:32:00,3.75,14452,United Kingdom
578844,47591D,PINK FAIRY CAKE CHILDRENS APRON,1,2011-11-25 16:14:00,4.13,,United Kingdom
507235,72232,FENG SHUI PILLAR CANDLE,48,2010-05-07 09:04:00,0.19,14298,United Kingdom
493446,85113,POLKA DOT PISTACHIO PAIL,3,2010-01-04 14:00:00,2.1,17807,United Kingdom
562711,72807C,SET/3 VANILLA SCENTED CANDLE IN BOX,1,2011-08-08 14:53:00,4.25,16788,United Kingdom
518775,20726,LUNCH BAG WOODLAND,1,2010-08-11 15:46:00,4.21,,United Kingdom
C577486,23198,PANTRY MAGNETIC  SHOPPING LIST,-5,2011-11-20 11:59:00,1.45,15533,United Kingdom
C541641,21672,WHITE SPOT RED CERAMIC DRAWER KNOB,-1,2011-01-20 11:00:00,1.25,17841,United Kingdom
577218,90058B,CRYSTAL STUD EARRINGS ASSORTED COL ,36,2011-11-18 12:02:00,0.38,13117,United Kingdom
564647,23154,SET OF 4 JAM JAR MAGNETS,1,2011-08-26 13:56:00,2.08,17920,United Kingdom
503997,21658,GLASS  BEURRE DISH,12,2010-04-09 11:34:00,3.95,15223,United Kingdom
576078,23238,SET OF 4 KNICK KNACK TINS LONDON ,2,2011-11-13 16:22:00,4.15,14432,United Kingdom
523364,82494L,WOODEN FRAME ANTIQUE WHITE ,6,2010-09-21 18:05:00,2.55,17850,United Kingdom
524224,82482,WOODEN PICTURE FRAME WHITE FINISH,6,2010-09-28 10:58:00,2.55,14243,United Kingdom
561610,22489,PACK OF 12 TRADITIONAL CRAYONS,24,2011-07-28 12:28:00,0.42,16076,United Kingdom
C567717,23110,PARISIENNE KEY CABINET ,-2,2011-09-22 10:20:00,5.75,15601,United Kingdom
529213,22444,GROW YOUR OWN PLANT IN A CAN ,24,2010-10-27 10:32:00,1.25,15198,United Kingdom
534204,22866,HAND WARMER SCOTTY DOG DESIGN,12,2010-11-21 15:30:00,2.1,15634,United Kingdom
503579,21777,RECIPE BOX WITH METAL HEART,2,2010-04-01 16:40:00,7.95,15768,United Kingdom
506097,22423,REGENCY CAKESTAND 3 TIER,3,2010-04-27 12:20:00,12.75,16456,United Kingdom
536975,22246,"GARLAND, MAGIC GARDEN 1.8M",12,2010-12-03 14:04:00,1.95,14911,EIRE
538069,22154,ANGEL DECORATION 3 BUTTONS ,6,2010-12-09 14:08:00,0.42,16795,United Kingdom
500498,22487,WHITE WOOD GARDEN PLANT LADDER,4,2010-03-08 13:17:00,8.5,17672,United Kingdom
527416,21175,GIN + TONIC DIET METAL SIGN,48,2010-10-17 15:34:00,1.85,13798,United Kingdom
580729,85039A,SET/4 RED MINI ROSE CANDLE IN BOWL,1,2011-12-05 17:24:00,1.63,,United Kingdom
550123,22708,WRAP DOLLY GIRL,25,2011-04-14 12:39:00,0.42,,United Kingdom
541371,22197,SMALL POPCORN HOLDER,6,2011-01-17 14:51:00,0.85,13983,United Kingdom
523944,21507,"ELEPHANT, BIRTHDAY CARD, ",12,2010-09-26 11:20:00,0.42,15581,United Kingdom
552229,22245,"HOOK, 1 HANGER ,MAGIC GARDEN",1,2011-05-06 15:40:00,1.63,,United Kingdom
C536543,22632,HAND WARMER RED RETROSPOT,-1,2010-12-01 14:30:00,2.1,17841,United Kingdom
570597,23545,WRAP RED VINTAGE DOILY,25,2011-10-11 11:49:00,0.42,16837,United Kingdom
500695,35647,VINTAGE BEAD PINK SHADE ,1,2010-03-09 12:48:00,2.51,,United Kingdom
556245,21917,SET 12 KIDS  WHITE CHALK STICKS,2,2011-06-09 16:10:00,0.42,17841,United Kingdom
525569,47567B,TEA TIME KITCHEN APRON,3,2010-10-06 10:00:00,5.95,13952,United Kingdom
574077,72122,COFFEE SCENT PILLAR CANDLE,2,2011-11-02 15:56:00,0.95,17999,United Kingdom
C524344,22358,KINGS CHOICE TEA CADDY ,-2,2010-09-28 16:11:00,2.95,13729,United Kingdom
567661,21902,"KEY FOB , FRONT  DOOR ",5,2011-09-21 15:06:00,0.65,13959,United Kingdom
557233,22997,TRAVEL CARD WALLET UNION JACK,5,2011-06-17 14:44:00,0.42,15356,United Kingdom
566602,21507,ELEPHANT BIRTHDAY CARD ,1,2011-09-13 16:05:00,0.83,,United Kingdom
577008,22694,WICKER STAR ,2,2011-11-17 12:02:00,2.1,16869,United Kingdom
C514368,84849D,HOT BATHS SOAP HOLDER,-2,2010-07-01 19:19:00,1.69,15015,United Kingdom
527085,22905,CALENDAR IN SEASON DESIGN,3,2010-10-14 15:45:00,2.95,17611,United Kingdom
577358,23526,WALL ART DOG LICENCE ,1,2011-11-18 15:59:00,12.46,,United Kingdom
498549,21527,RETRO SPOT TRADITIONAL TEAPOT ,1,2010-02-19 18:04:00,16.98,,United Kingdom
492795,85178,VICTORIAN SEWING KIT,8,2009-12-20 10:43:00,1.25,18077,United Kingdom
574839,23456,MEDIUM PARLOUR PICTURE FRAME ,2,2011-11-07 11:40:00,4.15,15493,United Kingdom
552227,84596J,,70,2011-05-06 15:27:00,0.0,,United Kingdom
512437,90059D,DIAMANTE HAIR GRIP PACK/2 PERIDOT,1,2010-06-15 16:17:00,1.69,,United Kingdom
501807,21977,PACK OF 60 PINK PAISLEY CAKE CASES,7,2010-03-19 14:05:00,0.55,17799,United Kingdom
537678,21843,RED RETROSPOT CAKE STAND,1,2010-12-08 09:56:00,10.95,16779,United Kingdom
537465,22667,RECIPE BOX RETROSPOT ,6,2010-12-07 10:32:00,2.95,17735,United Kingdom
565292,22952,60 CAKE CASES VINTAGE CHRISTMAS,24,2011-09-02 11:54:00,0.55,16102,United Kingdom
525261,84992,72 SWEETHEART FAIRY CAKE CASES,24,2010-10-04 15:41:00,0.55,13035,United Kingdom
579550,23096,PETIT TRAY CHIC,12,2011-11-30 10:48:00,1.65,12630,Finland
578067,85032C,CURIOUS IMAGES GIFT WRAP SET,1,2011-11-22 15:43:00,1.63,,United Kingdom
555572,22413,METAL SIGN TAKE IT OR LEAVE IT ,6,2011-06-05 15:37:00,2.95,12449,Belgium
504436,79323P,PINK CHERRY LIGHTS,72,2010-04-13 13:33:00,5.45,14156,EIRE
525458,21231,SWEETHEART CERAMIC TRINKET BOX,4,2010-10-05 14:45:00,2.51,,United Kingdom
C495175,21530,DAIRY MAID CERAMIC TOASTRACK,-1,2010-01-21 13:15:00,2.95,14527,United Kingdom
538177,22677,FRENCH BLUE METAL DOOR SIGN 2,1,2010-12-10 09:51:00,2.51,,United Kingdom
519343,47599B,BLUE PARTY BAGS ,6,2010-08-16 12:12:00,2.1,12687,Sweden
490011,37464,ROBOT MUG IN DISPLAY BOX,5,2009-12-03 12:27:00,1.25,16918,United Kingdom
562113,23118,PARISIENNE JEWELLERY DRAWER ,2,2011-08-02 16:11:00,14.96,,United Kingdom
550631,22675,FRENCH KITCHEN SIGN BLUE METAL,12,2011-04-19 14:51:00,1.25,15225,United Kingdom
C569955,23110,PARISIENNE KEY CABINET ,-2,2011-10-06 18:35:00,5.75,17644,United Kingdom
540026,22131,FOOD CONTAINER SET 3 LOVE HEART ,1,2011-01-04 13:25:00,4.21,,United Kingdom
525835,22862,LOVE HEART NAPKIN BOX ,4,2010-10-07 12:15:00,4.25,17726,United Kingdom
C566957,23203,JUMBO BAG VINTAGE DOILY ,-1,2011-09-15 16:45:00,2.08,18172,United Kingdom
C567956,85034A,3 GARDENIA MORRIS BOXED CANDLES,-2,2011-09-23 08:54:00,4.25,12895,United Kingdom
526897,22627,MINT KITCHEN SCALES,2,2010-10-13 14:57:00,8.5,13663,United Kingdom
536947,21098,CHRISTMAS TOILET ROLL,12,2010-12-03 12:29:00,1.25,13013,United Kingdom
C570464,S,SAMPLES,-1,2011-10-10 16:01:00,47.98,,United Kingdom
509280,20791,,-5,2010-05-21 11:38:00,0.0,,United Kingdom
560646,23134,LARGE ZINC HEART WALL ORGANISER,87,2011-07-20 11:28:00,5.88,18102,United Kingdom
531356,21324,HANGING MEDINA LANTERN SMALL,6,2010-11-07 13:52:00,2.95,16559,United Kingdom
546643,22966,GINGERBREAD MAN COOKIE CUTTER,12,2011-03-15 13:23:00,1.25,16214,United Kingdom
490142,20727,LUNCH BAG  BLACK SKULL.,30,2009-12-04 08:36:00,1.65,14258,United Kingdom
532808,22784,LANTERN CREAM GAZEBO ,2,2010-11-14 15:19:00,4.95,15532,United Kingdom
542729,22697,GREEN REGENCY TEACUP AND SAUCER,6,2011-01-31 15:17:00,2.95,15194,United Kingdom
518143,DOT,DOTCOM POSTAGE,1,2010-08-04 16:10:00,56.85,,United Kingdom
521389,22406,MONEY BOX KINGS CHOICE DESIGN,12,2010-09-05 14:01:00,1.25,13032,United Kingdom
581334,22475,SKULL DESIGN TV DINNER TRAY,10,2011-12-08 12:07:00,1.95,17841,United Kingdom
556825,85152,HAND OVER THE CHOCOLATE   SIGN ,1,2011-06-15 10:24:00,4.13,,United Kingdom
507597,22561,WOODEN SCHOOL COLOURING SET,12,2010-05-10 13:21:00,1.65,17700,United Kingdom
564356,22355,CHARLOTTE BAG SUKI DESIGN,10,2011-08-24 15:47:00,0.85,13969,United Kingdom
511855,POST,POSTAGE,5,2010-06-11 08:25:00,18.0,12681,France
546913,22189,CREAM HEART CARD HOLDER,3,2011-03-17 20:18:00,3.95,15861,United Kingdom
525900,21932,SCANDINAVIAN PAISLEY PICNIC BAG,5,2010-10-07 15:41:00,2.95,15314,United Kingdom
520825,22759,SET OF 3 NOTEBOOKS IN PARCEL,3,2010-08-31 12:35:00,1.65,14433,United Kingdom
540278,M,Manual,1,2011-01-06 12:31:00,1.65,15719,United Kingdom
560209,23342,MINT DINER WALL CLOCK,1,2011-07-15 14:05:00,8.5,15004,United Kingdom
500751,84795D,SEASIDE STRIPE HAMMOCK,2,2010-03-10 10:25:00,7.95,13081,United Kingdom
543746,21668,RED STRIPE CERAMIC DRAWER KNOB,24,2011-02-11 13:50:00,1.25,17675,United Kingdom
536975,22246,"GARLAND, MAGIC GARDEN 1.8M",12,2010-12-03 14:04:00,1.95,14911,EIRE
537666,22419,LIPSTICK PEN RED,4,2010-12-07 18:36:00,0.85,,United Kingdom
494012,20766,GARDEN PATH SKETCHBOOK,1,2010-01-11 09:31:00,3.43,,United Kingdom
532810,21368,MIRRORED WALL ART LADIES,1,2010-11-14 15:23:00,2.55,17545,United Kingdom
564825,21935,SUKI  SHOULDER BAG,3,2011-08-30 12:26:00,1.63,,United Kingdom
571713,21356,TOAST ITS - FAIRY FLOWER,1,2011-10-18 16:58:00,0.83,,United Kingdom
516184,85061W,WHITE JEWELLED HEART DECORATION,10,2010-07-18 15:45:00,0.85,14343,United Kingdom
530883,21770,,-52,2010-11-04 15:06:00,0.0,,United Kingdom
575215,22674,FRENCH TOILET SIGN BLUE METAL,1,2011-11-09 11:04:00,1.25,18109,United Kingdom
580513,22940,FELTCRAFT CHRISTMAS FAIRY,1,2011-12-04 13:59:00,4.25,14456,United Kingdom
492417,84970L,SINGLE HEART ZINC T-LIGHT HOLDER,144,2009-12-16 17:22:00,0.79,16742,United Kingdom
533799,22539,MINI JIGSAW DOLLY GIRL,24,2010-11-18 19:14:00,0.42,12759,Netherlands
566193,22961,JAM MAKING SET PRINTED,24,2011-09-09 13:37:00,1.45,14961,United Kingdom
545013,20725,LUNCH BAG RED RETROSPOT,20,2011-02-25 13:09:00,1.65,13093,United Kingdom
566599,23297,SET 40 HEART SHAPE PETIT FOUR CASES,3,2011-09-13 15:37:00,1.65,15998,United Kingdom
505708,20975,12 PENCILS SMALL TUBE RED SPOTTY,1,2010-04-25 12:15:00,0.65,13782,United Kingdom
515533,21624,VINTAGE UNION JACK DOORSTOP,1,2010-07-13 12:08:00,5.95,15719,United Kingdom
C491632,84689,S/2 BEACH HUT TREASURE CHESTS,-1,2009-12-11 15:14:00,5.95,17841,United Kingdom
501443,20971,PINK BLUE FELT CRAFT TRINKET BOX,4,2010-03-16 14:01:00,1.25,15005,United Kingdom
573553,20970,PINK FLORAL FELTCRAFT SHOULDER BAG,1,2011-10-31 13:48:00,7.46,,United Kingdom
576837,23004,TRAVEL CARD WALLET PANTRY,3,2011-11-16 15:16:00,0.83,,United Kingdom
539595,22342,HOME GARLAND PAINTED ZINC ,1,2010-12-20 13:43:00,3.36,,United Kingdom
546117,M,Manual,12,2011-03-09 13:56:00,1.0,16771,United Kingdom
494762,84469,ROSE DES PADDED FLOOR CUSHION,1,2010-01-18 12:36:00,6.95,17841,United Kingdom
491969,21396,RED SPOTTY EGG CUP ,1,2009-12-14 17:57:00,3.43,,United Kingdom
501475,22068,BLACK PIRATE TREASURE CHEST,1,2010-03-16 16:59:00,3.36,,United Kingdom
522813,22643,SET OF 4 NAPKIN CHARMS LEAVES   ,6,2010-09-16 18:09:00,2.55,15664,United Kingdom
563171,22896,PEG BAG APPLES DESIGN,6,2011-08-12 12:46:00,2.55,16317,United Kingdom
574940,23309,SET OF 60 I LOVE LONDON CAKE CASES ,24,2011-11-07 17:21:00,0.55,14929,United Kingdom
536876,22785,SQUARECUSHION COVER PINK UNION FLAG,1,2010-12-03 11:36:00,16.98,,United Kingdom
540352,47594A,CAROUSEL DESIGN WASHBAG,1,2011-01-06 14:27:00,1.66,,United Kingdom
C567686,20728,LUNCH BAG CARS BLUE,-10,2011-09-21 16:42:00,1.65,17702,United Kingdom
491082,21351,CINAMMON & ORANGE WREATH,4,2009-12-09 13:16:00,6.75,16709,United Kingdom
C495076,85123A,WHITE HANGING HEART T-LIGHT HOLDER,-4,2010-01-21 09:19:00,2.95,16150,United Kingdom
546861,16237,SLEEPING CAT ERASERS,30,2011-03-17 15:03:00,0.21,14911,EIRE
500025,22386,JUMBO BAG PINK WITH WHITE SPOTS,20,2010-03-04 11:11:00,1.95,15950,United Kingdom
541844,22834,HAND WARMER BABUSHKA DESIGN,2,2011-01-23 12:19:00,2.1,16931,United Kingdom
503965,21621,VINTAGE UNION JACK BUNTING,4,2010-04-08 17:05:00,8.5,14548,United Kingdom
524525,84832,ZINC WILLIE WINKIE  CANDLE STICK,22,2010-09-29 13:15:00,0.85,14449,United Kingdom
529629,POST,POSTAGE,2,2010-10-29 12:15:00,40.0,12422,Switzerland
538071,22465,HANGING METAL STAR LANTERN,5,2010-12-09 14:09:00,3.36,,United Kingdom
546406,90214N,"LETTER ""N"" BLING KEY RING",1,2011-03-11 16:21:00,0.83,,United Kingdom
565682,21181,PLEASE ONE PERSON METAL SIGN,2,2011-09-06 10:42:00,2.1,14796,United Kingdom
C528309,D,Discount,-1,2010-10-21 12:12:00,10.1,14527,United Kingdom
499497,84081,WHITE CERAMIC PARTY SET (5PCS),1,2010-02-28 14:24:00,4.25,14396,United Kingdom
564082,POST,POSTAGE,4,2011-08-23 08:51:00,18.0,12627,Germany
547873,85144,JARDIN ETCHED GLASS CHEESE DISH,2,2011-03-27 15:33:00,7.25,13240,United Kingdom
C503400,21041,RED SPOTTY OVEN GLOVE DOUBLE,-1,2010-03-31 16:04:00,2.95,15029,United Kingdom
556903,23091,ZINC HERB GARDEN CONTAINER,1,2011-06-15 12:55:00,6.25,14527,United Kingdom
550188,22636,CHILDS BREAKFAST SET CIRCUS PARADE,1,2011-04-14 18:57:00,0.0,12457,Switzerland
494483,85014A,BLACK/BLUE DOTS RUFFLED UMBRELLA,6,2010-01-14 16:33:00,5.95,13562,United Kingdom
579196,22899,CHILDREN'S APRON DOLLY GIRL ,1,2011-11-28 15:54:00,4.13,14096,United Kingdom
C534031,21735,TWO DOOR CURIO CABINET,-3,2010-11-19 15:13:00,12.75,13961,United Kingdom
580153,22396,MAGNETS PACK OF 4 RETRO PHOTO,12,2011-12-02 10:23:00,0.39,12762,Portugal
544806,21927,BLUE/CREAM STRIPE CUSHION COVER ,12,2011-02-23 14:50:00,1.25,15932,United Kingdom
528577,21864,UNION JACK FLAG PASSPORT COVER ,5,2010-10-22 13:13:00,4.21,,United Kingdom
566482,21292,SMALL STRIPES CHOCOLATE GIFT BAG ,16,2011-09-13 09:43:00,0.85,16609,United Kingdom
543182,22066,LOVE HEART TRINKET POT,1,2011-02-04 10:40:00,3.29,,United Kingdom
563509,22646,CERAMIC STRAWBERRY CAKE MONEY BANK,12,2011-08-17 10:46:00,1.45,16092,United Kingdom
505079,21922,UNION STRIPE WITH FRINGE  HAMMOCK,2,2010-04-20 09:45:00,7.95,15447,United Kingdom
576371,23131,MISTLETOE HEART WREATH CREAM,4,2011-11-15 08:07:00,4.15,14911,EIRE
523943,21755,LOVE BUILDING BLOCK WORD,1,2010-09-26 11:13:00,5.95,14161,United Kingdom
492319,84596E,SMALL LICORICE DES PINK BOWL,1,2009-12-16 12:17:00,1.25,15499,United Kingdom
518064,22356,CHARLOTTE BAG PINK WITH WHITE SPOTS,5,2010-08-04 12:39:00,0.85,17841,United Kingdom
513773,22425,ENAMEL COLANDER CREAM,2,2010-06-28 13:53:00,4.95,13831,United Kingdom
503972,21231,SWEETHEART CERAMIC TRINKET BOX,8,2010-04-08 17:44:00,1.25,17180,United Kingdom
568565,23317,BLUE REFECTORY CLOCK ,1,2011-09-27 17:31:00,9.95,,United Kingdom
544460,21080,SET/20 RED RETROSPOT PAPER NAPKINS ,3,2011-02-20 14:01:00,0.85,16931,United Kingdom
537628,22444,GROW YOUR OWN PLANT IN A CAN ,24,2010-12-07 15:02:00,1.25,16293,United Kingdom
C512272,22027,TEA PARTY BIRTHDAY CARD,-12,2010-06-14 13:32:00,0.42,15031,United Kingdom
528773,85042,,1,2010-10-25 09:40:00,0.0,,United Kingdom
539453,90133,TEAL/FUSCHIA COL BEAD NECKLACE,1,2010-12-17 17:08:00,5.09,,United Kingdom
534038,C2,CARRIAGE,1,2010-11-19 15:57:00,50.0,,EIRE
538040,22604,SET OF 4 NAPKIN CHARMS CUTLERY,2,2010-12-09 13:08:00,2.55,16520,United Kingdom
558113,22727,ALARM CLOCK BAKELIKE RED ,4,2011-06-27 08:48:00,3.75,14911,EIRE
516948,84946,ANTIQUE SILVER TEA GLASS ETCHED,24,2010-07-25 15:27:00,1.25,14551,United Kingdom
569699,22751,FELTCRAFT PRINCESS OLIVIA DOLL,1,2011-10-05 15:52:00,3.75,12723,France
491966,20978,36 PENCILS TUBE SKULLS,3,2009-12-14 17:16:00,2.57,,United Kingdom
512112,22064,PINK DOUGHNUT TRINKET POT ,1,2010-06-13 14:40:00,1.65,17841,United Kingdom
521486,22444,GROW YOUR OWN PLANT IN A CAN ,1,2010-09-06 13:36:00,2.51,,United Kingdom
533767,21876,POTTERING MUG,24,2010-11-18 15:29:00,1.25,18225,United Kingdom
542107,84692,BOX OF 24 COCKTAIL PARASOLS,1,2011-01-25 13:38:00,0.42,16222,United Kingdom
C548460,48185,DOORMAT FAIRY CAKE,-2,2011-03-31 11:58:00,7.95,16801,United Kingdom
547102,84819,DANISH ROSE ROUND SEWING BOX,3,2011-03-21 10:41:00,4.25,14245,United Kingdom
541485,M,Manual,12,2011-01-18 13:05:00,0.2,18118,United Kingdom
524938,22519,CHILDS GARDEN BRUSH PINK,1,2010-10-01 12:00:00,0.0,,United Kingdom
567043,22197,POPCORN HOLDER,10,2011-09-16 11:27:00,0.85,13268,United Kingdom
540418,DOT,DOTCOM POSTAGE,1,2011-01-07 11:04:00,369.95,,United Kingdom
502234,20723,STRAWBERRY CHARLOTTE BAG,10,2010-03-23 12:24:00,0.85,16327,United Kingdom
495889,82581,TOILET METAL SIGN,2,2010-01-27 12:19:00,0.55,17604,United Kingdom
528263,22470,HEART OF WICKER LARGE,3,2010-10-21 11:52:00,2.95,16412,United Kingdom
536544,22190,LOCAL CAFE MUG,3,2010-12-01 14:32:00,2.51,,United Kingdom
C560563,23174,REGENCY SUGAR BOWL GREEN,-2,2011-07-19 13:37:00,4.15,14911,EIRE
578475,72807C,damages,-149,2011-11-24 12:44:00,0.0,,United Kingdom
517400,85178,VICTORIAN SEWING KIT,12,2010-07-29 10:20:00,1.25,15358,United Kingdom
C542097,22701,PINK DOG BOWL,-4,2011-01-25 12:52:00,2.95,14215,United Kingdom
535421,22966,GINGERBREAD MAN COOKIE CUTTER,1,2010-11-26 11:50:00,1.25,13555,United Kingdom
511270,21243,PINK  SPOTTY PLATE ,2,2010-06-07 13:03:00,1.69,14159,United Kingdom
496341,22236,CAKE STAND 3 TIER MAGIC GARDEN,2,2010-01-31 15:47:00,12.75,17107,United Kingdom
554489,22622,BOX OF VINTAGE ALPHABET BLOCKS,4,2011-05-24 13:46:00,11.95,17272,United Kingdom
577142,22348,TEA BAG PLATE RED RETROSPOT,12,2011-11-18 09:19:00,0.85,13985,United Kingdom
C491623,POST,POSTAGE,-1,2009-12-11 14:20:00,15.0,16253,United Kingdom
500326,72133,COLUMBIAN CANDLE RECTANGLE,2,2010-03-07 12:25:00,1.25,14877,United Kingdom
556804,22423,REGENCY CAKESTAND 3 TIER,2,2011-06-14 15:14:00,12.75,15125,United Kingdom
519341,22129,PARTY CONES CANDY TREE DECORATION,24,2010-08-16 12:00:00,0.85,15050,United Kingdom
579300,23344,JUMBO BAG 50'S CHRISTMAS ,32,2011-11-29 11:30:00,2.08,14667,United Kingdom
530060,22795,SWEETHEART RECIPE BOOK STAND,1,2010-11-01 11:35:00,13.57,,United Kingdom
C513479,47568,ENGLISH ROSE DESIGN PEG BAG,-6,2010-06-24 17:04:00,2.1,12982,United Kingdom
522966,20723,STRAWBERRY CHARLOTTE BAG,2,2010-09-19 13:01:00,0.85,16007,United Kingdom
557309,21122,SET/10 PINK POLKADOT PARTY CANDLES,24,2011-06-19 15:15:00,1.25,16493,United Kingdom
569866,23272,TREE T-LIGHT HOLDER WILLIE WINKIE,3,2011-10-06 14:50:00,1.65,12757,Portugal
576255,22866,HAND WARMER SCOTTY DOG DESIGN,2,2011-11-14 14:09:00,2.1,15993,United Kingdom
537197,84997D,PINK 3 PIECE POLKADOT CUTLERY SET,6,2010-12-05 14:02:00,3.75,12647,Germany
551718,22423,REGENCY CAKESTAND 3 TIER,1,2011-05-03 16:06:00,24.96,,United Kingdom
502627,M,Manual,1,2010-03-25 15:26:00,525.65,,United Kingdom
495720,48194,DOORMAT HEARTS,2,2010-01-26 14:43:00,6.75,17059,United Kingdom
C502061,21477,STRING OF 20 ROSE LIGHTS,-2,2010-03-22 14:56:00,10.95,13093,United Kingdom
489604,21153,RED SPOTTY TABLECLOTH ,1,2009-12-01 14:47:00,21.7,,United Kingdom
495889,17003,BROCADE RING PURSE ,36,2010-01-27 12:19:00,0.21,17604,United Kingdom
C511806,21313,GLASS HEART T-LIGHT HOLDER ,-6,2010-06-10 15:29:00,0.64,15311,United Kingdom
548670,85152,HAND OVER THE CHOCOLATE   SIGN ,2,2011-04-01 15:37:00,2.1,15356,United Kingdom
506794,84763,ZINC FINISH 15CM PLANTER POTS,12,2010-05-04 12:22:00,1.25,13143,United Kingdom
517854,21035,SET/2 RED SPOTTY TEA TOWELS ,1,2010-08-02 13:48:00,5.91,,United Kingdom
C516762,79323P,PINK CHERRY LIGHTS,-2,2010-07-22 17:00:00,6.75,17113,United Kingdom
577469,23493,VINTAGE DOILY TRAVEL SEWING KIT,10,2011-11-20 11:25:00,1.95,15009,United Kingdom
579457,22469,HEART OF WICKER SMALL,12,2011-11-29 14:20:00,1.65,14824,United Kingdom
523972,21326,AGED GLASS SILVER T-LIGHT HOLDER,4,2010-09-26 13:55:00,0.65,15967,United Kingdom
508747,22196,SMALL HEART MEASURING SPOONS,1,2010-05-18 11:40:00,1.66,,United Kingdom
512589,22059,CERAMIC STRWBERRY DESIGN MUG,1,2010-06-16 16:04:00,3.36,,United Kingdom
573107,21794,adjustment,10,2011-10-27 15:06:00,0.0,,United Kingdom
537638,21967,PACK OF 12 SKULL TISSUES,1,2010-12-07 15:28:00,0.85,,United Kingdom
568993,85099B,JUMBO BAG RED RETROSPOT,10,2011-09-29 16:51:00,2.08,15062,United Kingdom
550331,85202,HANGING WOOD AND FELT HEART,1,2011-04-17 13:43:00,0.42,15555,United Kingdom
574547,22579,WOODEN TREE CHRISTMAS SCANDINAVIAN,1,2011-11-04 15:08:00,0.29,17841,United Kingdom
551005,85099C,JUMBO  BAG BAROQUE BLACK WHITE,2,2011-04-26 09:48:00,4.13,,United Kingdom
512589,22055,MINI CAKE STAND  HANGING STRAWBERY,1,2010-06-16 16:04:00,3.36,,United Kingdom
495331,20726,LUNCH BAG WOODLAND,4,2010-01-22 16:28:00,1.65,17799,United Kingdom
492303,35840,FLAT GLASS  BAUBLE WHITE FLOCK ,2,2009-12-16 11:57:00,6.91,,United Kingdom
552714,22456,NATURAL SLATE CHALKBOARD LARGE ,3,2011-05-11 09:28:00,4.95,17164,United Kingdom
552640,23203,JUMBO BAG DOILEY PATTERNS,1,2011-05-10 13:19:00,2.08,17841,United Kingdom
580903,23169,CLASSIC GLASS COOKIE JAR,3,2011-12-06 12:56:00,4.15,14606,United Kingdom
C504215,79323S,SILVER CHERRY LIGHTS,-11,2010-04-12 11:55:00,5.45,15546,United Kingdom
490461,21535,RETRO SPOT SMALL MILK JUG,2,2009-12-06 12:07:00,2.55,13736,United Kingdom
563731,22989,SET 2 PANTRY DESIGN TEA TOWELS,2,2011-08-18 17:44:00,3.25,17576,United Kingdom
491656,72267,PREMIUM CHURCH CANDLE,3,2009-12-13 10:59:00,2.1,16719,United Kingdom
542731,21627,ELEPHANT CARNIVAL POUFFE,3,2011-01-31 15:27:00,14.95,13600,United Kingdom
561359,23206,LUNCH BAG APPLE DESIGN,20,2011-07-26 15:29:00,1.65,17160,United Kingdom
548162,22327,ROUND SNACK BOXES SET OF 4 SKULLS,2,2011-03-29 13:42:00,6.63,,United Kingdom
568402,21790,VINTAGE SNAP CARDS,12,2011-09-27 10:34:00,0.85,16629,United Kingdom
540257,22767,TRIPLE PHOTO FRAME CORNICE ,4,2011-01-05 17:33:00,9.95,12748,United Kingdom
544894,21165,BEWARE OF THE CAT METAL SIGN ,12,2011-02-24 12:09:00,1.69,15805,United Kingdom
571219,22699,ROSES REGENCY TEACUP AND SAUCER ,6,2011-10-14 13:35:00,2.95,15601,United Kingdom
546653,22179,SET 10 LIGHTS NIGHT OWL,1,2011-03-15 14:18:00,13.29,,United Kingdom
567632,40016,CHINESE DRAGON PAPER LANTERNS,156,2011-09-21 13:33:00,0.42,13946,United Kingdom
529156,85130D,BEADED CRYSTAL HEART PINK LARGE,2,2010-10-26 16:47:00,1.65,16549,United Kingdom
492303,16047,POP ART PEN CASE & PENS,1,2009-12-16 11:57:00,1.7,,United Kingdom
537894,22725,ALARM CLOCK BAKELIKE CHOCOLATE,12,2010-12-09 10:16:00,3.75,12621,Germany
C514000,37447,CERAMIC CAKE DESIGN SPOTTED PLATE,-1,2010-06-30 09:18:00,1.49,17696,United Kingdom
536635,21181,PLEASE ONE PERSON METAL SIGN,12,2010-12-02 11:22:00,2.1,15955,United Kingdom
562031,22362,GLASS JAR PEACOCK BATH SALTS,2,2011-08-01 17:37:00,2.95,16984,United Kingdom
573038,22560,TRADITIONAL MODELLING CLAY,3,2011-10-27 13:48:00,1.25,17545,United Kingdom
516748,22335,HEART DECORATION PAINTED ZINC ,15,2010-07-22 15:06:00,1.28,,United Kingdom
C524178,M,Manual,-1,2010-09-27 16:37:00,159.54,,United Kingdom
533737,84988,SET OF 72 PINK HEART PAPER DOILIES,3,2010-11-18 13:55:00,2.98,,United Kingdom
536569,22171,3 HOOK PHOTO SHELF ANTIQUE WHITE,1,2010-12-01 15:35:00,8.5,16274,United Kingdom
550527,22192,BLUE DINER WALL CLOCK,4,2011-04-19 10:48:00,8.5,12476,Germany
523344,21136,PAINTED METAL PEARS ASSORTED,8,2010-09-21 15:51:00,1.69,13031,United Kingdom
C559079,84509A,SET OF 4 ENGLISH ROSE PLACEMATS,-1,2011-07-06 10:44:00,3.75,17841,United Kingdom
535996,M,Manual,3,2010-11-29 13:53:00,0.55,17912,United Kingdom
529763,22892,SET OF SALT AND PEPPER TOADSTOOLS,2,2010-10-29 15:00:00,1.25,14081,United Kingdom
489814,84991,60 TEATIME FAIRY CAKE CASES,24,2009-12-02 13:06:00,0.55,14669,United Kingdom
558240,21698,MOCK LOBSTER FRIDGE MAGNET,2,2011-06-27 15:27:00,1.63,,United Kingdom
510772,21240,BLUE  SPOTTY CUP,1,2010-06-03 14:02:00,1.66,,United Kingdom
557628,21163,DO NOT TOUCH MY STUFF DOOR HANGER ,2,2011-06-21 14:31:00,1.45,15311,United Kingdom
548167,72349b,SET/6 PURPLE BUTTERFLY T-LIGHTS,1,2011-03-29 13:45:00,4.13,,United Kingdom
530972,21213,PACK OF 72 SKULL CAKE CASES,24,2010-11-05 09:47:00,0.55,13846,United Kingdom
540040,POST,POSTAGE,5,2011-01-04 14:20:00,40.0,12483,Sweden
553006,21544,SKULLS  WATER TRANSFER TATTOOS ,12,2011-05-12 16:45:00,0.85,15544,United Kingdom
C507638,POST,POSTAGE,-1,2010-05-10 14:55:00,4.5,17563,United Kingdom
501919,85163A,WHITE BAROQUE WALL CLOCK ,2,2010-03-22 10:21:00,12.75,13148,United Kingdom
540848,85095,THREE CANVAS LUGGAGE TAGS,6,2011-01-12 09:26:00,1.28,,United Kingdom
563753,20727,LUNCH BAG  BLACK SKULL.,10,2011-08-19 10:51:00,1.65,12513,France
513328,85099B,JUMBO BAG RED RETROSPOT,1,2010-06-23 17:16:00,1.95,,United Kingdom
534389,DOT,DOTCOM POSTAGE,1,2010-11-22 13:02:00,313.43,,United Kingdom
502248,21169,YOU'RE CONFUSING ME METAL SIGN ,1,2010-03-23 14:06:00,4.21,,United Kingdom
575649,21039,RED RETROSPOT SHOPPING BAG,1,2011-11-10 14:23:00,2.55,,United Kingdom
503611,47505,MINATURE COLOURED GARDENING SET,10,2010-04-06 10:43:00,4.95,18173,United Kingdom
541792,22522,CHILDS GARDEN FORK BLUE ,12,2011-01-21 13:09:00,0.85,17094,United Kingdom
563174,23108,SET OF 10 LED DOLLY LIGHTS,2,2011-08-12 13:40:00,6.25,16746,United Kingdom
491691,22142,CHRISTMAS CRAFT WHITE FAIRY ,1,2009-12-13 13:17:00,1.45,17211,United Kingdom
580752,POST,POSTAGE,3,2011-12-06 09:56:00,45.0,12478,Greece
537372,48187,DOORMAT NEW ENGLAND,4,2010-12-06 12:52:00,7.95,16919,United Kingdom
495379,22381,TOY TIDY PINK RETROSPOT  ,2,2010-01-24 13:46:00,2.1,17611,United Kingdom
530613,21524,DOORMAT SPOTTY HOME SWEET HOME,2,2010-11-03 15:46:00,7.95,15628,United Kingdom
491805,21126,SET OF 6 GIRLS CELEBRATION CANDLES,12,2009-12-14 13:10:00,1.25,12613,Germany
580615,20963,APPLE BATH SPONGE,20,2011-12-05 12:05:00,1.25,16873,United Kingdom
564646,22775,PURPLE DRAWERKNOB ACRYLIC EDWARDIAN,6,2011-08-26 13:39:00,2.46,,United Kingdom
501002,20897,VINTAGE NOTEBOOK PARIS DAYS,2,2010-03-11 14:03:00,2.95,14878,United Kingdom
504159,21592,RETRO SPOT  CIGAR BOX MATCHES ,1,2010-04-11 15:38:00,1.25,17221,United Kingdom
507996,22616,PACK OF 12 LONDON TISSUES ,48,2010-05-12 10:56:00,0.29,17511,United Kingdom
528087,21056,DOCTOR'S BAG SOFT TOY,1,2010-10-20 13:09:00,8.95,16521,United Kingdom
490745,22348,TEA BAG PLATE RED SPOTTY ,3,2009-12-07 18:02:00,1.7,,United Kingdom
572224,22910,PAPER CHAIN KIT VINTAGE CHRISTMAS,40,2011-10-21 13:46:00,2.55,16558,United Kingdom
569086,22197,POPCORN HOLDER,1000,2011-09-30 11:58:00,0.72,17949,United Kingdom
532821,22570,FELTCRAFT CUSHION RABBIT,2,2010-11-14 16:32:00,3.75,14382,United Kingdom
C580832,23238,SET OF 4 KNICK KNACK TINS LONDON ,-1,2011-12-06 11:40:00,3.75,12753,Japan
556222,23321,SMALL WHITE HEART OF WICKER,3,2011-06-09 14:23:00,1.69,17522,United Kingdom
558355,23104,IVORY CAFE HANGING LAMP ,2,2011-06-28 14:58:00,12.5,13614,United Kingdom
525482,22077,6 RIBBONS RUSTIC CHARM,48,2010-10-05 15:43:00,1.65,15782,United Kingdom
565439,84991,60 TEATIME FAIRY CAKE CASES,24,2011-09-04 13:56:00,0.55,14852,United Kingdom
505056,79323P,PINK CHERRY LIGHTS,3,2010-04-19 14:59:00,6.75,14667,United Kingdom
C542139,22442,GROW YOUR OWN FLOWERS SET OF 3,-4,2011-01-25 17:24:00,7.95,17094,United Kingdom
527503,22813,PACK 3 BOXES BIRD PANNETONE ,96,2010-10-18 12:23:00,1.65,16133,United Kingdom
C531384,84077,WORLD WAR 2 GLIDERS ASSTD DESIGNS,-24,2010-11-07 17:44:00,0.29,,United Kingdom
539405,POST,POSTAGE,6,2010-12-17 12:38:00,18.0,12621,Germany
575905,22089,PAPER BUNTING VINTAGE PAISLEY,6,2011-11-11 15:49:00,2.95,13732,United Kingdom
504594,22367,CHILDS APRON SPACEBOY DESIGN,4,2010-04-15 10:49:00,1.95,15910,United Kingdom
534164,M,Manual,5,2010-11-21 13:13:00,0.1,16241,United Kingdom
498055,22148,EASTER CRAFT 4 CHICKS ,6,2010-02-16 12:11:00,1.95,14669,United Kingdom
549309,22927,GREEN GIANT GARDEN THERMOMETER,2,2011-04-08 09:15:00,5.95,15114,United Kingdom
579470,85123A,WHITE HANGING HEART T-LIGHT HOLDER,6,2011-11-29 15:06:00,2.95,16549,United Kingdom
553345,21136,PAINTED METAL PEARS ASSORTED,16,2011-05-16 12:53:00,1.69,16729,United Kingdom
501853,21827,EIGHT PIECE CREEPY CRAWLIE SET,1,2010-03-21 11:07:00,1.25,16782,United Kingdom
536409,21678,PAISLEY PATTERN  STICKERS,6,2010-12-01 11:45:00,0.85,17908,United Kingdom
578324,23479,WIRE EGG BASKET ,2,2011-11-23 17:32:00,7.85,17530,United Kingdom
537240,22106,MIRROR MOSAIC HURRICANE LAMP ,1,2010-12-06 10:08:00,5.06,,United Kingdom
500370,21561,DINOSAUR LUNCHBOX WITH CUTLERY,6,2010-03-08 08:45:00,2.55,17063,United Kingdom
494228,48111,DOOR MAT 3 SMILEY CATS,2,2010-01-12 13:39:00,6.75,14861,United Kingdom
528116,22355,CHARLOTTE BAG SUKI DESIGN,3,2010-10-20 14:25:00,0.0,,United Kingdom
490074,35001W,HAND OPEN SHAPE DECO.WHITE,1,2009-12-03 14:39:00,8.65,,United Kingdom
C506129,75049L,LARGE CIRCULAR MIRROR MOBILE,-13,2010-04-27 14:43:00,0.85,15311,United Kingdom
569202,21381,MINI WOODEN HAPPY BIRTHDAY GARLAND,1,2011-09-30 17:22:00,3.29,,United Kingdom
546851,22423,REGENCY CAKESTAND 3 TIER,3,2011-03-17 13:23:00,12.75,12480,Germany
546742,M,Manual,6,2011-03-16 12:26:00,2.1,12849,United Kingdom
533338,DOT,DOTCOM POSTAGE,1,2010-11-16 18:18:00,419.46,,United Kingdom
C542402,22848,BREAD BIN DINER STYLE PINK,-1,2011-01-27 16:05:00,16.95,16124,United Kingdom
493264,84029D,LEOPARD PRINT HOT WATER BOTTLE,2,2009-12-22 15:04:00,7.78,,United Kingdom
556032,22669,RED BABY BUNTING ,5,2011-06-08 12:35:00,2.95,15159,United Kingdom
524211,22189,CREAM HEART CARD HOLDER,4,2010-09-28 10:42:00,3.95,14423,United Kingdom
C552805,21363,HOME SMALL WOOD LETTERS,-3,2011-05-11 12:34:00,4.95,14149,United Kingdom
547786,82578,KITCHEN METAL SIGN,1,2011-03-25 11:44:00,0.55,14587,United Kingdom
490401,21255,"FRENCH BOTTLE , LAVENDER",2,2009-12-06 10:51:00,1.65,17150,United Kingdom
566602,23275,SET OF 3 HANGING OWLS OLLIE BEAK,1,2011-09-13 16:05:00,2.46,,United Kingdom
545901,M,Manual,2,2011-03-07 17:52:00,1.25,15834,United Kingdom
499405,21506,"FANCY FONT BIRTHDAY CARD, ",24,2010-02-26 14:35:00,0.42,14739,United Kingdom
566024,23201,JUMBO BAG ALPHABET,10,2011-09-08 12:51:00,2.08,13871,United Kingdom
510534,21742,LARGE ROUND WICKER PLATTER ,4,2010-06-01 14:18:00,5.95,16347,United Kingdom
541882,48185,?,-57,2011-01-24 10:54:00,0.0,,United Kingdom
C493898,M,Manual,-1,2010-01-08 10:40:00,780.52,14911,EIRE
C580510,M,Manual,-1,2011-12-04 13:48:00,1.25,14456,United Kingdom
580048,23344,JUMBO BAG 50'S CHRISTMAS ,2,2011-12-01 12:53:00,2.08,12748,United Kingdom
540026,21882,SKULLS TAPE,11,2011-01-04 13:25:00,0.43,,United Kingdom
581034,21931,JUMBO STORAGE BAG SUKI,10,2011-12-07 10:48:00,2.08,17049,United Kingdom
537226,22052,VINTAGE CARAVAN GIFT WRAP,25,2010-12-06 08:34:00,0.42,15987,United Kingdom
545587,82582,AREA PATROLLED METAL SIGN,2,2011-03-04 09:46:00,2.1,14796,United Kingdom
512776,22061,LARGE CAKE STAND  HANGING STRAWBERY,2,2010-06-17 17:41:00,9.95,15023,United Kingdom
534210,22335,HEART DECORATION PAINTED ZINC ,4,2010-11-21 15:56:00,0.65,18069,United Kingdom
562907,22568,FELTCRAFT CUSHION OWL,4,2011-08-10 12:44:00,3.75,14116,United Kingdom
527426,22904,CALENDAR PAPER CUT DESIGN,6,2010-10-17 16:16:00,2.95,17703,United Kingdom
579187,DOT,DOTCOM POSTAGE,1,2011-11-28 15:31:00,634.54,,United Kingdom
567579,84879,ASSORTED COLOUR BIRD ORNAMENT,16,2011-09-21 10:48:00,1.69,18228,United Kingdom
C561229,22796,PHOTO FRAME 3 CLASSIC HANGING,-2,2011-07-26 10:18:00,9.95,17096,United Kingdom
569897,22508,DOORSTOP RETROSPOT HEART,1,2011-10-06 16:01:00,3.75,17813,United Kingdom
536863,85123A,WHITE HANGING HEART T-LIGHT HOLDER,2,2010-12-03 11:19:00,2.95,17967,United Kingdom
566603,22303,COFFEE MUG APPLES DESIGN,1,2011-09-13 16:12:00,4.96,,United Kingdom
522952,22297,HEART IVORY TRELLIS SMALL,6,2010-09-19 11:25:00,1.25,14553,United Kingdom
508074,20990,SPRING FLOWER CHOPSTICKS SET/5,1,2010-05-12 16:03:00,1.95,17897,United Kingdom
548012,21929,JUMBO BAG PINK VINTAGE PAISLEY,5,2011-03-29 11:15:00,1.95,17377,United Kingdom
514198,21429,RED GINGHAM ROSE JEWELLERY BOX,1,2010-06-30 15:55:00,3.36,,United Kingdom
C570867,23349,ROLL WRAP VINTAGE CHRISTMAS,-12,2011-10-12 16:17:00,1.25,12607,USA
568317,22846,BREAD BIN DINER STYLE RED ,2,2011-09-26 13:25:00,16.95,17491,United Kingdom
572549,22197,POPCORN HOLDER,1,2011-10-24 17:03:00,1.63,,United Kingdom
526204,22588,CARD HOLDER GINGHAM HEART,6,2010-10-10 13:23:00,2.55,14040,United Kingdom
530656,72807B,SET/3 OCEAN SCENT CANDLE JEWEL BOX,5,2010-11-04 09:59:00,4.25,15888,United Kingdom
497912,90167,BEADED LOVE HEART JEWELLERY SET,12,2010-02-14 14:35:00,0.85,12867,United Kingdom
537648,84006,MAGIC TREE -PAPER FLOWERS,12,2010-12-07 15:48:00,0.85,12839,United Kingdom
523552,22197,SMALL POPCORN HOLDER,1,2010-09-22 15:07:00,1.66,,United Kingdom
526231,22158,3 HEARTS HANGING DECORATION RUSTIC,16,2010-10-10 15:44:00,2.95,16843,United Kingdom
499311,17129F,,-120,2010-02-26 10:25:00,0.0,,United Kingdom
C528492,22843,BISCUIT TIN VINTAGE GREEN,-1,2010-10-22 12:11:00,6.75,17646,United Kingdom
526655,21209,MULTICOLOUR HONEYCOMB FAN,12,2010-10-12 14:34:00,1.65,16607,United Kingdom
497494,47566,PARTY BUNTING,10,2010-02-10 08:44:00,4.65,13092,United Kingdom
508483,21624,VINTAGE UNION JACK DOORSTOP,1,2010-05-16 12:51:00,5.95,17841,United Kingdom
543162,22511,RETROSPOT BABUSHKA DOORSTOP,1,2011-02-03 18:08:00,3.75,17507,United Kingdom
514097,84970S,HANGING HEART ZINC T-LIGHT HOLDER,1,2010-06-30 12:27:00,2.13,,United Kingdom
564840,21774,DECORATIVE CATS BATHROOM BOTTLE,2,2011-08-30 12:49:00,2.46,,United Kingdom
548984,21080,SET/20 RED RETROSPOT PAPER NAPKINS ,2,2011-04-05 12:37:00,0.85,14546,United Kingdom
535131,22193,RED DINER WALL CLOCK,2,2010-11-25 11:38:00,8.5,14733,United Kingdom
551958,22431,WATERING CAN BLUE ELEPHANT,6,2011-05-05 12:37:00,1.95,13883,United Kingdom
543283,47480,HANGING PHOTO CLIP ROPE LADDER,12,2011-02-07 09:15:00,1.65,15781,United Kingdom
568185,22365,DOORMAT RESPECTABLE HOUSE,1,2011-09-25 14:08:00,8.25,16594,United Kingdom
578827,23241,TREASURE TIN GYMKHANA DESIGN,8,2011-11-25 14:25:00,4.13,,United Kingdom
525801,21558,SKULL LUNCH BOX WITH CUTLERY ,1,2010-10-07 11:33:00,2.55,17249,United Kingdom
517714,20774,GREEN FERN NOTEBOOK,3,2010-08-01 11:22:00,1.65,13869,United Kingdom
575977,23173,REGENCY TEAPOT ROSES ,1,2011-11-13 13:27:00,9.95,17287,United Kingdom
517814,22624,IVORY KITCHEN SCALES,1,2010-08-02 11:44:00,0.0,,United Kingdom
577530,22193,RED DINER WALL CLOCK,2,2011-11-20 13:48:00,8.5,14950,United Kingdom
C554100,84879,ASSORTED COLOUR BIRD ORNAMENT,-1,2011-05-22 13:27:00,1.69,15555,United Kingdom
497922,21156,RED SPOTTY CHILDS APRON,8,2010-02-14 15:47:00,1.95,14909,United Kingdom
505585,22608,PENS ASSORTED FUNKY JEWELED ,36,2010-04-23 12:19:00,0.85,17448,United Kingdom
577782,23365,SET 12 COLOUR PENCILS LOVE LONDON,2,2011-11-21 16:17:00,0.65,16549,United Kingdom
577258,21810,CHRISTMAS HANGING STAR WITH BELL,2,2011-11-18 12:27:00,0.39,16764,United Kingdom
535586,84029E,RED WOOLLY HOTTIE WHITE HEART.,4,2010-11-26 15:53:00,3.75,12928,United Kingdom
540026,22716,CARD CIRCUS PARADE,1,2011-01-04 13:25:00,0.85,,United Kingdom
499506,20990,SPRING FLOWER CHOPSTICKS SET/5,4,2010-02-28 16:00:00,1.95,15031,United Kingdom
501789,22241,GARLAND WOODEN HAPPY EASTER,1,2010-03-19 13:01:00,1.25,15768,United Kingdom
C513459,22618,COOKING SET RETROSPOT,-2,2010-06-24 15:49:00,9.95,15323,United Kingdom
504159,21592,RETRO SPOT  CIGAR BOX MATCHES ,1,2010-04-11 15:38:00,1.25,17221,United Kingdom
536947,21098,CHRISTMAS TOILET ROLL,12,2010-12-03 12:29:00,1.25,13013,United Kingdom
536592,20735,BLACK MINI TAPE MEASURE ,4,2010-12-01 17:06:00,0.85,,United Kingdom
503192,37450,CERAMIC CAKE BOWL + HANGING CAKES,6,2010-03-30 15:20:00,2.95,13952,United Kingdom
525020,22151,PLACE SETTING WHITE HEART,24,2010-10-03 11:53:00,0.42,13590,United Kingdom
493074,22244,"HOOK, 3 HANGER ,MAGIC GARDEN",2,2009-12-22 09:45:00,4.3,,United Kingdom
532114,16161P,WRAP ENGLISH ROSE ,25,2010-11-10 17:39:00,0.42,14030,United Kingdom
534061,21430,SET/3 RED GINGHAM ROSE STORAGE BOX,4,2010-11-21 11:03:00,3.75,12967,United Kingdom
505969,22243,"HOOK, 5 HANGER ,MAGIC TOADSTOOL RED",4,2010-04-26 16:36:00,1.65,17231,United Kingdom
536762,22983,CARD BILLBOARD FONT,12,2010-12-02 14:40:00,0.42,16186,United Kingdom
523508,20685,DOORMAT RED SPOT,1,2010-09-22 12:13:00,14.43,,United Kingdom
533314,10002,INFLATABLE POLITICAL GLOBE ,12,2010-11-16 17:12:00,0.85,13158,United Kingdom
538038,21488,,8,2010-12-09 13:07:00,0.0,,United Kingdom
579187,23534,WALL ART STOP FOR TEA ,3,2011-11-28 15:31:00,12.46,,United Kingdom
500449,21495,SKULLS WRAP,25,2010-03-08 12:08:00,0.42,17542,United Kingdom
552514,20719,WOODLAND CHARLOTTE BAG,2,2011-05-09 16:30:00,1.63,,United Kingdom
552643,85123A,WHITE HANGING HEART T-LIGHT HOLDER,2,2011-05-10 13:24:00,2.95,16791,United Kingdom
534398,22867,HAND WARMER BIRD DESIGN,12,2010-11-22 13:25:00,2.1,13889,United Kingdom
501477,21750,LARGE SKULL WINDMILL,12,2010-03-17 09:26:00,2.1,17479,United Kingdom
494350,84580,MOUSE TOY WITH PINK T-SHIRT,1,2010-01-13 14:37:00,3.75,,United Kingdom
552723,22991,GIRAFFE WOODEN RULER,12,2011-05-11 10:18:00,1.95,16229,United Kingdom
532844,22086,PAPER CHAIN KIT 50'S CHRISTMAS ,80,2010-11-15 10:12:00,2.55,14585,United Kingdom
516734,21915,RED  HARMONICA IN BOX ,48,2010-07-22 13:43:00,1.25,16555,United Kingdom
502422,C2,CARRIAGE,1,2010-03-24 12:20:00,50.0,14911,EIRE
513943,90082B,DIAMANTE BOW BROOCH RED COLOUR,6,2010-06-29 13:13:00,6.35,14040,United Kingdom
521115,22197,SMALL POPCORN HOLDER,36,2010-09-02 11:30:00,0.85,14911,EIRE
549033,16254,,-5,2011-04-05 17:08:00,0.0,,United Kingdom
508986,21429,RED GINGHAM ROSE JEWELLERY BOX,8,2010-05-19 11:59:00,1.65,14235,United Kingdom
528613,22322,BIRD DECORATION GREEN POLKADOT,1,2010-10-22 15:57:00,1.66,,United Kingdom
523461,21519,GIN & TONIC DIET GREETING CARD ,12,2010-09-22 11:32:00,0.36,17850,United Kingdom
518065,84029E,RED WOOLLY HOTTIE WHITE HEART.,12,2010-08-04 12:41:00,2.95,14298,United Kingdom
572675,23318,BOX OF 6 MINI VINTAGE CRACKERS,1,2011-10-25 13:20:00,2.49,17917,United Kingdom
562598,22691,DOORMAT WELCOME SUNRISE,4,2011-08-08 10:00:00,7.95,15152,United Kingdom
519932,84879,ASSORTED COLOUR BIRD ORNAMENT,8,2010-08-22 16:05:00,1.69,17231,United Kingdom
545708,22287,"DECORATION , WOBBLY CHICKEN, METAL ",12,2011-03-07 09:39:00,1.65,14915,United Kingdom
499220,84849B,FAIRY SOAP SOAP HOLDER,1,2010-02-25 11:32:00,1.69,14606,United Kingdom
533588,84949,SILVER HANGING T-LIGHT HOLDER,192,2010-11-18 11:55:00,1.45,13089,United Kingdom
548194,16207A,PINK STRAWBERRY HANDBAG ,1,2011-03-29 15:30:00,3.29,,United Kingdom
574481,22037,ROBOT BIRTHDAY CARD,12,2011-11-04 12:45:00,0.42,18022,United Kingdom
567211,84596B,SMALL DOLLY MIX DESIGN ORANGE BOWL,8,2011-09-19 11:02:00,0.42,14159,United Kingdom
496510,C2,CARRIAGE,1,2010-02-02 10:47:00,50.0,14016,EIRE
520054,22694,WICKER STAR ,12,2010-08-23 14:59:00,2.1,16208,United Kingdom
545429,21669,BLUE STRIPE CERAMIC DRAWER KNOB,12,2011-03-02 14:46:00,1.25,15031,United Kingdom
490679,72529W,WHITE ADVENT CANDLE,1,2009-12-07 13:24:00,2.12,18162,United Kingdom
543013,22167, OVAL WALL MIRROR DIAMANTE ,1,2011-02-02 13:35:00,8.29,,United Kingdom
577076,21070,VINTAGE BILLBOARD MUG ,1,2011-11-17 15:08:00,1.25,14362,United Kingdom
553044,21243,PINK  POLKADOT PLATE ,8,2011-05-13 09:24:00,1.69,12682,France
575930,90198A,VINTAGE ROSE BEAD BRACELET RASPBERR,1,2011-11-11 17:58:00,4.15,,United Kingdom
564224,22570,FELTCRAFT CUSHION RABBIT,4,2011-08-24 09:56:00,3.75,15249,United Kingdom
572540,22646,CERAMIC STRAWBERRY CAKE MONEY BANK,1,2011-10-24 16:17:00,4.13,,United Kingdom
522601,20974,12 PENCILS SMALL TUBE SKULL,96,2010-09-15 13:35:00,0.65,16422,United Kingdom
511643,84991,60 TEATIME FAIRY CAKE CASES,120,2010-06-09 13:37:00,0.42,14135,United Kingdom
507813,84251F,,23,2010-05-11 12:51:00,0.0,,United Kingdom
568513,23264,SET OF 3 WOODEN SLEIGH DECORATIONS,24,2011-09-27 12:36:00,1.25,13555,United Kingdom
499914,85097B,BLUE ROCKING SINGING CANARY,6,2010-03-03 12:10:00,3.75,13097,United Kingdom
539434,22287,"DECORATION , WOBBLY CHICKEN, METAL ",1,2010-12-17 14:41:00,3.36,,United Kingdom
528060,22666,RECIPE BOX PANTRY YELLOW DESIGN,1,2010-10-20 12:13:00,2.95,16776,United Kingdom
514369,22366,DOOR MAT AIRMAIL ,2,2010-07-02 08:26:00,7.49,12477,Germany
C494973,20726,LUNCH BAG WOODLAND,-50,2010-01-20 11:06:00,1.45,14156,EIRE
493073,20972,PINK CREAM FELT CRAFT TRINKET BOX ,2,2009-12-22 09:41:00,2.57,,United Kingdom
521796,22411,JUMBO SHOPPER VINTAGE RED PAISLEY,1,2010-09-08 13:57:00,1.95,17220,United Kingdom
509743,71495A,CD WALL TIDY BLUE OFFICE,1,2010-05-25 13:21:00,0.42,17841,United Kingdom
543182,20677,PINK POLKADOT BOWL,22,2011-02-04 10:40:00,2.46,,United Kingdom
504829,21936,RED RETROSPOT PICNIC BAG,5,2010-04-16 13:17:00,2.95,16125,United Kingdom
515303,85064,CREAM SWEETHEART LETTER RACK,2,2010-07-09 15:46:00,5.45,15283,United Kingdom
576894,22752,SET 7 BABUSHKA NESTING BOXES,6,2011-11-17 08:35:00,8.5,12681,France
498560,21240,BLUE  SPOTTY CUP,3,2010-02-21 11:29:00,0.85,16335,United Kingdom
551269,20727,LUNCH BAG  BLACK SKULL.,10,2011-04-27 12:21:00,1.65,12840,United Kingdom
576617,23245,SET OF 3 REGENCY CAKE TINS,1,2011-11-15 16:57:00,10.79,,United Kingdom
528126,85123A,WHITE HANGING HEART T-LIGHT HOLDER,5,2010-10-20 14:42:00,2.95,16797,United Kingdom
548707,22497,SET OF 2 TINS VINTAGE BATHROOM ,1,2011-04-03 12:08:00,4.25,13781,United Kingdom
568364,21892,TRADITIONAL WOODEN CATCH CUP GAME ,12,2011-09-26 15:43:00,1.25,16999,United Kingdom
491710,POST,POSTAGE,2,2009-12-13 15:01:00,18.0,12683,France
559671,47566B,TEA TIME PARTY BUNTING,1,2011-07-11 13:55:00,4.95,17811,United Kingdom
502331,POST,POSTAGE,1,2010-03-24 10:39:00,40.0,12360,Austria
541214,22113,GREY HEART HOT WATER BOTTLE,8,2011-01-14 13:41:00,3.75,15570,United Kingdom
494387,70007,HI TEC ALPINE HAND WARMER,8,2010-01-14 09:46:00,1.66,,United Kingdom
526215,22066,LOVE HEART TRINKET POT,2,2010-10-10 14:18:00,1.45,17085,United Kingdom
558355,22795,SWEETHEART RECIPE BOOK STAND,2,2011-06-28 14:58:00,6.75,13614,United Kingdom
530329,22837,HOT WATER BOTTLE BABUSHKA ,4,2010-11-02 13:45:00,4.65,16670,United Kingdom
578995,23344,JUMBO BAG 50'S CHRISTMAS ,4,2011-11-27 15:59:00,2.08,15861,United Kingdom
579777,37448,CERAMIC CAKE DESIGN SPOTTED MUG,1,2011-11-30 15:13:00,3.29,,United Kingdom
519269,47566B,,1,2010-08-16 09:56:00,0.0,,United Kingdom
491833,85065,CREAM SWEETHEART TRAYS,1,2009-12-14 14:35:00,12.75,12926,United Kingdom
521901,21154,RED SPOTTY OVEN GLOVE ,1,2010-09-09 12:37:00,1.25,14688,United Kingdom
C544828,84279B,CHERRY BLOSSOM DECORATIVE FLASK,-1,2011-02-24 09:49:00,3.75,17147,United Kingdom
544406,21896,POTTING SHED TWINE,1,2011-02-18 13:26:00,2.1,16726,United Kingdom
566033,22278,OVERNIGHT BAG VINTAGE ROSE PAISLEY,1,2011-09-08 13:07:00,4.95,16031,United Kingdom
527042,21429,RED GINGHAM ROSE JEWELLERY BOX,8,2010-10-14 12:31:00,1.65,14911,EIRE
570818,23301,GARDENERS KNEELING PAD KEEP CALM ,2,2011-10-12 12:47:00,1.65,17841,United Kingdom
545078,21212,PACK OF 72 RETROSPOT CAKE CASES,1,2011-02-28 10:15:00,1.25,,United Kingdom
558710,22955,36 FOIL STAR CAKE CASES ,1,2011-07-01 13:04:00,2.1,15483,United Kingdom
571275,23194,GYMKHANA TREASURE BOOK BOX,1,2011-10-16 12:28:00,2.25,15994,United Kingdom
513359,DOT,DOTCOM POSTAGE,1,2010-06-24 11:32:00,14.26,,United Kingdom
546392,84510C,SET OF 4 POLKADOT COASTERS,1,2011-03-11 14:15:00,1.25,14587,United Kingdom
540777,22423,REGENCY CAKESTAND 3 TIER,5,2011-01-11 11:15:00,12.75,13144,United Kingdom
568346,23188,VINTAGE  2 METER FOLDING RULER,1,2011-09-26 15:28:00,3.29,14096,United Kingdom
554509,22200,FRYING PAN PINK POLKADOT,1,2011-05-24 15:45:00,4.25,17375,United Kingdom
C549827,POST,POSTAGE,-2,2011-04-12 12:55:00,3.0,12463,Belgium
556491,23281,FOLDING BUTTERFLY MIRROR RED  ,3,2011-06-12 14:15:00,0.83,16794,United Kingdom
534709,85049A,TRADITIONAL CHRISTMAS RIBBONS,3,2010-11-23 16:53:00,2.51,,United Kingdom
513674,21609,SET 12 LAVENDER  BOTANICAL T-LIGHTS,6,2010-06-28 11:39:00,2.95,16012,United Kingdom
502896,22374,AIRLINE BAG VINTAGE JET SET RED,3,2010-03-29 11:49:00,6.35,15527,United Kingdom
526473,21034,REX CASH+CARRY JUMBO SHOPPER,1,2010-10-11 17:01:00,0.95,16407,United Kingdom
569535,23405,HOME SWEET HOME 2 DRAWER CABINET,2,2011-10-04 15:41:00,4.95,15044,United Kingdom
575687,23298,SPOTTY BUNTING,21,2011-11-10 16:03:00,4.95,16126,United Kingdom
C550127,37446,MINI CAKE STAND WITH HANGING CAKES,-2,2011-04-14 13:12:00,1.45,15212,United Kingdom
552857,16258A,SWIRLY CIRCULAR RUBBERS IN BAG,1,2011-05-11 15:34:00,0.83,,United Kingdom
C493440,21843,RETRO SPOT CAKE STAND,-1,2010-01-04 13:30:00,9.95,12709,Germany
495951,21637,ASSORTED SANSKRIT MINI NOTEBOOK,3,2010-01-27 17:44:00,2.51,,United Kingdom
568883,22469,HEART OF WICKER SMALL,12,2011-09-29 12:43:00,1.65,18198,United Kingdom
524290,21669,BLUE STRIPE CERAMIC DRAWER KNOB,3,2010-09-28 12:54:00,1.25,14461,United Kingdom
557621,85132C,CHARLIE AND LOLA FIGURES TINS,12,2011-06-21 14:00:00,1.95,12444,Norway
506251,37500,TEA TIME TEAPOT IN GIFT BOX,2,2010-04-28 13:40:00,9.95,14344,United Kingdom
503549,15056N,EDWARDIAN PARASOL NATURAL,2,2010-04-01 15:04:00,12.72,,United Kingdom
495185,22236,CAKE STAND 3 TIER MAGIC GARDEN,12,2010-01-21 14:01:00,10.95,14439,Greece
496080,84251C,,260,2010-01-28 17:53:00,0.0,,United Kingdom
551724,22966,GINGERBREAD MAN COOKIE CUTTER,2,2011-05-03 17:12:00,1.25,15976,United Kingdom
536216,22634,CHILDS BREAKFAST SET SPACEBOY ,1,2010-11-30 13:41:00,9.95,14390,United Kingdom
550496,23206,LUNCH BAG APPLE DESIGN,2,2011-04-18 15:05:00,4.13,,United Kingdom
528327,22943,CHRISTMAS LIGHTS 10 VINTAGE BAUBLES,1,2010-10-21 13:20:00,4.95,16065,United Kingdom
547385,22845,VINTAGE CREAM CAT FOOD CONTAINER,1,2011-03-22 15:48:00,12.46,,United Kingdom
569415,DOT,DOTCOM POSTAGE,1,2011-10-04 10:14:00,492.46,,United Kingdom
511100,22326,ROUND SNACK BOXES SET OF4 WOODLAND ,12,2010-06-07 08:37:00,2.95,17416,United Kingdom
554039,22534,MAGIC DRAWING SLATE SPACEBOY ,96,2011-05-20 14:27:00,0.42,15095,United Kingdom
535349,21187,WHITE BELL HONEYCOMB PAPER GARLAND ,12,2010-11-25 16:52:00,1.65,18245,United Kingdom
C567681,20727,LUNCH BAG  BLACK SKULL.,-5,2011-09-21 16:24:00,1.65,15433,United Kingdom
539856,22650,CERAMIC PIRATE CHEST MONEY BANK,1,2010-12-22 14:41:00,0.0,,United Kingdom
489545,22143,CHRISTMAS CRAFT HEART DECORATIONS,1,2009-12-01 12:22:00,2.1,17804,United Kingdom
579520,22175,PINK OWL SOFT TOY,1,2011-11-29 18:14:00,2.95,12748,United Kingdom
536990,POST,POSTAGE,1,2010-12-03 15:14:00,28.0,12793,Portugal
571012,21402,,-147,2011-10-13 12:15:00,0.0,,United Kingdom
519925,22297,HEART IVORY TRELLIS SMALL,48,2010-08-22 15:00:00,1.25,15186,United Kingdom
499422,22309,TEA COSY RED  STRIPE,1,2010-02-26 16:33:00,5.06,,United Kingdom
528319,22423,REGENCY CAKESTAND 3 TIER,5,2010-10-21 12:43:00,12.75,17483,United Kingdom
557641,20718,RED RETROSPOT SHOPPER BAG,2,2011-06-21 16:35:00,3.29,,United Kingdom
564912,POST,POSTAGE,3,2011-08-31 12:33:00,18.0,12490,France
568135,72817,SET OF 2 CHRISTMAS DECOUPAGE CANDLE,2,2011-09-23 17:04:00,1.63,,United Kingdom
499422,48129,DOOR MAT TOPIARY,1,2010-02-26 16:33:00,13.57,,United Kingdom
546117,21080,SET/20 RED RETROSPOT PAPER NAPKINS ,6,2011-03-09 13:56:00,0.85,16771,United Kingdom
491109,85123A,WHITE HANGING HEART T-LIGHT HOLDER,4,2009-12-09 14:30:00,2.95,13825,United Kingdom
559979,22596,CHRISTMAS STAR WISH LIST CHALKBOARD,12,2011-07-14 11:20:00,1.25,14862,United Kingdom
567189,23360,SET 8 CANDLES VINTAGE DOILY,12,2011-09-19 09:10:00,1.95,17069,United Kingdom
505453,21212,PACK OF 72 RETRO SPOT CAKE CASES,24,2010-04-22 11:33:00,0.55,12625,Germany
513940,POST,POSTAGE,1,2010-06-29 13:05:00,15.0,12788,Netherlands
510483,22383,LUNCH BAG SUKI  DESIGN ,1,2010-06-01 11:27:00,1.65,16960,United Kingdom
494381,21676,FLOWERS  STICKERS,1,2010-01-13 17:44:00,0.81,,United Kingdom
561513,85087,CANDY SPOT CUSHION COVER,3,2011-07-27 15:12:00,3.29,,United Kingdom
568510,23343,JUMBO BAG VINTAGE CHRISTMAS ,18,2011-09-27 12:26:00,2.08,13555,United Kingdom
575287,84508A,check,-39,2011-11-09 12:15:00,0.0,,United Kingdom
563549,85114c,RED ENCHANTED FOREST PLACEMAT,1,2011-08-17 12:34:00,3.29,,United Kingdom
537534,22682,FRENCH BLUE METAL DOOR SIGN 7,1,2010-12-07 11:48:00,0.0,,United Kingdom
499964,POST,POSTAGE,1,2010-03-03 13:51:00,35.0,12594,Italy
578547,POST,POSTAGE,3,2011-11-24 15:02:00,18.0,12720,Germany
526268,16011,ANIMAL STICKERS,1,2010-10-11 10:58:00,0.21,14651,United Kingdom
537237,20961,STRAWBERRY BATH SPONGE ,1,2010-12-06 09:58:00,2.51,,United Kingdom
547871,22520,CHILDS GARDEN TROWEL BLUE ,6,2011-03-27 14:28:00,0.85,16931,United Kingdom
511611,85123A,WHITE HANGING HEART T-LIGHT HOLDER,2,2010-06-09 11:28:00,2.95,15352,United Kingdom
533088,22311,OFFICE MUG WARMER BLACK+SILVER ,48,2010-11-16 10:05:00,2.55,12357,Switzerland
490396,21667,GLASS CAKE COVER AND PLATE,1,2009-12-06 10:26:00,16.95,13589,United Kingdom
523127,21811,CHRISTMAS HANGING HEART WITH BELL,1,2010-09-20 13:41:00,1.25,17259,United Kingdom
564093,22171,3 HOOK PHOTO SHELF ANTIQUE WHITE,2,2011-08-23 10:29:00,8.5,14930,Channel Islands
C524235,21082,SET/20 FRUIT SALAD PAPER NAPKINS ,-3072,2010-09-28 11:02:00,0.17,14277,France
525172,22384,LUNCH BAG PINK POLKADOT,10,2010-10-04 12:22:00,1.65,15596,United Kingdom
519688,20725,LUNCH BAG RED SPOTTY,5,2010-08-19 13:06:00,1.65,17068,United Kingdom
559513,15060B,FAIRY CAKE DESIGN UMBRELLA,1,2011-07-08 15:56:00,3.75,14534,United Kingdom
539075,84029G,KNITTED UNION FLAG HOT WATER BOTTLE,4,2010-12-15 17:28:00,3.75,17189,United Kingdom
536592,DOT,DOTCOM POSTAGE,1,2010-12-01 17:06:00,607.49,,United Kingdom
558808,DOT,DOTCOM POSTAGE,1,2011-07-04 11:10:00,42.75,,United Kingdom
555506,21397,damaged,-57,2011-06-03 16:03:00,0.0,,United Kingdom
492251,84581,DOG TOY WITH PINK CROCHET SKIRT,4,2009-12-16 10:51:00,3.75,14156,EIRE
547697,22300,COFFEE MUG DOG + BALL DESIGN,6,2011-03-24 16:23:00,2.55,14348,United Kingdom
504924,21626,VINTAGE UNION JACK PENNANT,1,2010-04-19 10:49:00,4.21,,United Kingdom
500353,21240,BLUE  SPOTTY CUP,8,2010-03-07 15:25:00,0.85,12668,Germany
573345,22812,PACK 3 BOXES CHRISTMAS PANNETONE,3,2011-10-30 12:14:00,1.95,17609,United Kingdom
539436,22187,GREEN CHRISTMAS TREE CARD HOLDER,2,2010-12-17 14:49:00,4.25,,United Kingdom
C505384,47556B,TEA TIME TEA TOWELS ,-6,2010-04-22 09:18:00,2.95,17113,United Kingdom
535531,22837,HOT WATER BOTTLE BABUSHKA ,3,2010-11-26 15:16:00,4.65,17841,United Kingdom
575219,22411,JUMBO SHOPPER VINTAGE RED PAISLEY,100,2011-11-09 11:17:00,1.79,17511,United Kingdom
577956,21145,,3,2011-11-22 12:10:00,0.0,,United Kingdom
C552212,23127,FELTCRAFT GIRL NICOLE KIT,-3,2011-05-06 15:08:00,4.95,17422,United Kingdom
496343,21986,PACK OF 12 PINK SPOT TISSUES ,48,2010-01-31 15:51:00,0.29,13478,United Kingdom
491041,21412,VINTAGE GOLD TINSEL REEL,2,2009-12-09 09:42:00,4.3,,United Kingdom
559421,22131,FOOD CONTAINER SET 3 LOVE HEART ,6,2011-07-08 11:55:00,1.95,12648,Germany
C536622,22752,SET 7 BABUSHKA NESTING BOXES,-2,2010-12-02 10:37:00,8.5,12471,Germany
580136,23103,JINGLE BELL HEART DECORATION,4,2011-12-01 19:42:00,1.65,17841,United Kingdom
524706,21327,SKULLS WRITING SET ,2,2010-09-30 12:33:00,3.36,,United Kingdom
536982,47591d,PINK FAIRY CAKE CHILDRENS APRON,12,2010-12-03 14:27:00,5.06,,United Kingdom
530793,22153,ANGEL DECORATION STARS ON DRESS,4,2010-11-04 12:18:00,0.42,15910,United Kingdom
501304,22467,GUMBALL COAT RACK,2,2010-03-15 17:14:00,2.55,17231,United Kingdom
C559915,AMAZONFEE,AMAZON FEE,-1,2011-07-13 15:18:00,4383.62,,United Kingdom
516748,22172,METAL SHELF WITH RAIL ,1,2010-07-22 15:06:00,16.98,,United Kingdom
555649,22586,FELTCRAFT HAIRBAND PINK AND BLUE,12,2011-06-06 13:47:00,0.85,15386,United Kingdom
558681,DOT,DOTCOM POSTAGE,1,2011-07-01 11:20:00,65.67,,United Kingdom
573300,23354,6 GIFT TAGS 50'S CHRISTMAS ,1,2011-10-28 16:10:00,0.83,16049,United Kingdom
523647,22386,JUMBO BAG PINK POLKADOT,3,2010-09-23 12:33:00,1.95,14507,United Kingdom
507238,22406,MONEY BOX KINGS CHOICE DESIGN,12,2010-05-07 09:40:00,1.25,15680,United Kingdom
540026,84031A,CHARLIE+LOLA RED HOT WATER BOTTLE ,1,2011-01-04 13:25:00,4.21,,United Kingdom
567980,22414,DOORMAT NEIGHBOURHOOD WITCH ,1,2011-09-23 11:22:00,8.25,15311,United Kingdom
569220,23323,WHITE WICKER STAR ,4,2011-10-02 13:26:00,2.1,16007,United Kingdom
545851,22268,EASTER DECORATION SITTING BUNNY,6,2011-03-07 13:45:00,0.85,15026,United Kingdom
C499037,21535,RETRO SPOT SMALL MILK JUG,-1,2010-02-24 13:06:00,2.55,13982,United Kingdom
528730,21504,SKULLS GREETING CARD,12,2010-10-24 13:28:00,0.42,13574,United Kingdom
545230,20960,WATERMELON BATH SPONGE,1,2011-03-01 09:55:00,2.46,,United Kingdom
553526,21713,CITRONELLA CANDLE FLOWERPOT,8,2011-05-17 14:54:00,2.1,16266,United Kingdom
537222,22375,AIRLINE BAG VINTAGE JET SET BROWN,1,2010-12-05 16:00:00,4.25,14404,United Kingdom
C567136,BANK CHARGES,Bank Charges,-1,2011-09-16 14:27:00,366.27,,United Kingdom
513099,22508,DOORSTOP RETROSPOT HEART,2,2010-06-21 15:13:00,7.62,,United Kingdom
570265,22722,SET OF 6 SPICE TINS PANTRY DESIGN,24,2011-10-10 10:07:00,3.45,15125,United Kingdom
570602,22413,METAL SIGN TAKE IT OR LEAVE IT ,6,2011-10-11 12:17:00,2.95,14141,United Kingdom
490709,20760,GARDEN PATH POCKET BOOK,1,2009-12-07 15:15:00,0.85,17884,United Kingdom
525524,22500,SET OF 2 TINS JARDIN DE PROVENCE,1,2010-10-05 17:55:00,4.95,15750,United Kingdom
572569,23493,VINTAGE DOILY TRAVEL SEWING KIT,1,2011-10-25 10:32:00,1.95,17870,United Kingdom
539981,21155,RED RETROSPOT PEG BAG,6,2010-12-23 14:35:00,2.1,13304,United Kingdom
538349,22819,"BIRTHDAY CARD, RETRO SPOT",2,2010-12-10 14:59:00,0.85,,United Kingdom
507376,M,Manual,1,2010-05-09 11:29:00,0.42,13979,United Kingdom
552293,84380,SET OF 3 BUTTERFLY COOKIE CUTTERS,12,2011-05-08 14:05:00,1.25,16232,United Kingdom
521031,21391,FRENCH EMROIDR LAVENDER SCENT HEART,1,2010-09-01 17:17:00,4.21,,United Kingdom
520554,21524,DOORMAT SPOTTY HOME SWEET HOME,6,2010-08-26 16:25:00,7.49,16523,United Kingdom
568989,23203,JUMBO BAG VINTAGE DOILY ,10,2011-09-29 16:41:00,2.08,14709,United Kingdom
534177,22945,CHRISTMAS METAL TAGS ASSORTED ,12,2010-11-21 13:46:00,0.85,12872,United Kingdom
491603,21486,PINK HEART DOTS HOT WATER BOTTLE,4,2009-12-11 13:31:00,3.75,17243,United Kingdom
567912,23197,SKETCHBOOK MAGNETIC SHOPPING LIST,2,2011-09-22 17:07:00,1.45,15555,United Kingdom
544434,22299,PIG KEYRING WITH LIGHT & SOUND ,2,2011-02-18 16:12:00,2.46,,United Kingdom
519177,84991,60 TEATIME FAIRY CAKE CASES,6,2010-08-13 14:40:00,0.55,17589,United Kingdom
576837,84596F,SMALL MARSHMALLOWS PINK BOWL,1,2011-11-16 15:16:00,0.83,,United Kingdom
C581228,23210,WHITE ROCKING HORSE HAND PAINTED,-12,2011-12-08 10:06:00,1.25,16019,United Kingdom
523744,21637,ASSORTED SANSKRIT MINI NOTEBOOK,18,2010-09-23 17:48:00,1.25,14992,United Kingdom
491634,21588,RETRO SPOT GIANT  TUBE MATCHES,1,2009-12-11 15:40:00,2.55,17841,United Kingdom
551995,23182,TOILET SIGN OCCUPIED OR VACANT,2,2011-05-05 15:42:00,2.46,,United Kingdom
533381,22549,PICTURE DOMINOES,1,2010-11-17 10:55:00,1.45,14417,United Kingdom
578479,23082,SET 6 PAPER TABLE LANTERN HEARTS ,4,2011-11-24 12:48:00,3.75,15858,United Kingdom
C515153,85014B,RED/WHITE DOTS RUFFLED UMBRELLA,-3,2010-07-08 15:02:00,5.95,12693,Germany
539041,21832,CHOCOLATE CALCULATOR,4,2010-12-15 15:34:00,1.65,15456,United Kingdom
557878,22756,LARGE YELLOW BABUSHKA NOTEBOOK ,8,2011-06-23 13:13:00,1.25,16940,United Kingdom
570680,21933,PINK VINTAGE PAISLEY PICNIC BAG,3,2011-10-11 15:36:00,1.65,13969,United Kingdom
C569985,20727,LUNCH BAG  BLACK SKULL.,-10,2011-10-06 19:51:00,1.65,15365,United Kingdom
581114,22795,SWEETHEART RECIPE BOOK STAND,1,2011-12-07 12:19:00,6.75,14527,United Kingdom
551014,22971,QUEENS GUARD COFFEE MUG,6,2011-04-26 11:04:00,2.55,13209,United Kingdom
561887,84596B,SMALL DOLLY MIX DESIGN ORANGE BOWL,16,2011-07-31 13:33:00,0.42,14414,United Kingdom
504909,22198,"POPCORN HOLDER , LARGE",12,2010-04-19 08:57:00,1.65,15410,United Kingdom
546429,22746,POPPY'S PLAYHOUSE LIVINGROOM ,2,2011-03-13 15:25:00,2.1,17611,United Kingdom
536876,84923,PINK BUTTERFLY HANDBAG W BOBBLES,1,2010-12-03 11:36:00,4.21,,United Kingdom
561214,22029,SPACEBOY BIRTHDAY CARD,1,2011-07-25 17:00:00,0.83,,United Kingdom
533369,21494,ROTATING LEAVES T-LIGHT HOLDER,12,2010-11-17 10:31:00,1.25,16835,United Kingdom
C528476,22840,ROUND CAKE TIN VINTAGE RED,-1,2010-10-22 12:01:00,7.95,15296,United Kingdom
C503227,POST,POSTAGE,-1,2010-03-30 16:49:00,8.22,,United Kingdom
565870,POST,POSTAGE,1,2011-09-07 15:10:00,15.0,16828,United Kingdom
515508,21535,RED RETROSPOT SMALL MILK JUG,12,2010-07-13 11:49:00,2.55,14870,United Kingdom
577033,21098,CHRISTMAS TOILET ROLL,2,2011-11-17 13:16:00,1.25,17797,United Kingdom
555540,85040A,S/4 PINK FLOWER CANDLES IN BOWL,3,2011-06-05 12:48:00,1.65,13668,United Kingdom
509050,85150,LADIES & GENTLEMEN METAL SIGN,2,2010-05-20 10:56:00,2.55,13448,United Kingdom
580675,22086,PAPER CHAIN KIT 50'S CHRISTMAS ,12,2011-12-05 14:35:00,2.95,15640,United Kingdom
502230,21260,FIRST AID TIN,1,2010-03-23 12:13:00,3.25,14596,United Kingdom
573629,POST,POSTAGE,1,2011-10-31 15:30:00,18.0,12522,Germany
509932,21949,SET OF 6 STRAWBERRY CHOPSTICKS,1,2010-05-26 12:36:00,2.51,,United Kingdom
C542092,20723,STRAWBERRY CHARLOTTE BAG,-2,2011-01-25 12:45:00,0.72,14389,United Kingdom
528384,22748,POPPY'S PLAYHOUSE KITCHEN,1,2010-10-21 18:27:00,2.1,14686,United Kingdom
573601,22174,PHOTO CUBE,11,2011-10-31 15:24:00,4.13,,United Kingdom
543170,22493,PAINT YOUR OWN CANVAS SET,24,2011-02-04 09:03:00,1.65,17334,United Kingdom
570082,POST,POSTAGE,7,2011-10-07 11:19:00,18.0,12524,Germany
521791,20669,RED HEART LUGGAGE TAG,6,2010-09-08 13:30:00,1.25,14667,United Kingdom
C498129,21843,RETRO SPOT CAKE STAND,-1,2010-02-16 16:30:00,10.95,14755,United Kingdom
539450,22748,POPPY'S PLAYHOUSE KITCHEN,4,2010-12-17 16:53:00,2.1,15570,United Kingdom
523367,79000,MOROCCAN TEA GLASS,144,2010-09-21 18:16:00,0.65,18092,United Kingdom
521185,21768,WALL MOUNTED VINTAGE ORGANISER,6,2010-09-02 16:33:00,12.75,16133,United Kingdom
C529564,85049A,TRADITIONAL CHRISTMAS RIBBONS,-12,2010-10-28 18:14:00,1.25,16422,United Kingdom
531690,22646,CERAMIC STRAWBERRY CAKE MONEY BANK,3,2010-11-09 11:49:00,4.21,,United Kingdom
520179,82578,KITCHEN METAL SIGN,2,2010-08-24 13:46:00,0.55,16550,United Kingdom
545322,85099B,JUMBO BAG RED RETROSPOT,100,2011-03-01 14:56:00,1.65,13599,United Kingdom
540468,22071,SMALL WHITE RETROSPOT MUG IN BOX ,1,2011-01-07 13:55:00,3.36,,United Kingdom
566566,84596B,SMALL DOLLY MIX DESIGN ORANGE BOWL,3,2011-09-13 12:32:00,0.83,14096,United Kingdom
545690,72741,GRAND CHOCOLATECANDLE,9,2011-03-06 12:46:00,1.45,13263,United Kingdom
519905,21242,RED SPOTTY PLATE ,8,2010-08-22 13:36:00,1.69,14855,United Kingdom
520179,22198,LARGE POPCORN HOLDER ,10,2010-08-24 13:46:00,1.65,16550,United Kingdom
515479,21911,GARDEN METAL SIGN ,1,2010-07-13 09:58:00,3.36,,United Kingdom
515880,22492,MINI PAINT SET VINTAGE ,36,2010-07-15 11:47:00,0.65,14107,United Kingdom
523792,84997A,GREEN 3 PIECE POLKADOT CUTLERY SET,1,2010-09-24 11:34:00,3.75,14994,United Kingdom
524299,22579,WOODEN TREE CHRISTMAS SCANDINAVIAN,12,2010-09-28 13:13:00,0.85,14911,EIRE
531479,22563,HAPPY STENCIL CRAFT,24,2010-11-08 14:24:00,1.25,13485,United Kingdom
550911,22839,3 TIER CAKE TIN GREEN AND CREAM,1,2011-04-21 13:11:00,14.95,12354,Spain
563746,20724,RED RETROSPOT CHARLOTTE BAG,10,2011-08-19 10:05:00,0.85,14745,United Kingdom
C491022,20665,RED SPOTTY PURSE ,-6,2009-12-08 18:52:00,2.95,14817,United Kingdom
505704,21755,LOVE BUILDING BLOCK WORD,1,2010-04-25 11:51:00,5.95,12844,United Kingdom
500827,21716,BOYS VINTAGE TIN SEASIDE BUCKET,1,2010-03-10 11:10:00,5.06,,United Kingdom
514685,22458,CAST IRON HOOK GARDEN FORK,8,2010-07-05 14:11:00,2.55,15076,United Kingdom
545568,47574A,ENGLISH ROSE SCENTED HANGING FLOWER,1,2011-03-03 16:22:00,2.46,,United Kingdom
C558716,51014C,"FEATHER PEN,COAL BLACK",-12,2011-07-01 13:22:00,0.39,17888,United Kingdom
554098,22993,SET OF 4 PANTRY JELLY MOULDS,6,2011-05-22 13:01:00,1.25,14769,United Kingdom
576068,22556,PLASTERS IN TIN CIRCUS PARADE ,12,2011-11-13 15:52:00,1.65,14788,United Kingdom
574298,22663,JUMBO BAG DOLLY GIRL DESIGN,1,2011-11-03 15:56:00,4.13,,United Kingdom
560248,23187,FRENCH STYLE STORAGE JAR BONBONS,6,2011-07-17 12:24:00,0.29,16255,United Kingdom
492269,84559B,3D SHEET OF CAT STICKERS,12,2009-12-16 11:23:00,0.85,17677,United Kingdom
547788,22845,VINTAGE CREAM CAT FOOD CONTAINER,1,2011-03-25 12:00:00,12.46,,United Kingdom
544206,82578,KITCHEN METAL SIGN,1,2011-02-17 10:33:00,1.25,,United Kingdom
562574,23029,DRAWER KNOB CRACKLE GLAZE GREEN,6,2011-08-07 12:42:00,1.65,14903,United Kingdom
578074,23109,PACK OF SIX LED TEA LIGHTS,12,2011-11-22 16:06:00,2.89,17590,United Kingdom
571559,23206,LUNCH BAG APPLE DESIGN,20,2011-10-18 09:32:00,1.65,14911,EIRE
556255,48187,DOORMAT NEW ENGLAND,300,2011-06-09 17:27:00,4.58,18102,United Kingdom
552000,22300,COFFEE MUG DOG + BALL DESIGN,1,2011-05-05 15:56:00,4.96,,United Kingdom
533140,22047,EMPIRE GIFT WRAP,25,2010-11-16 13:04:00,0.42,15968,United Kingdom
494018,21179,NO JUNK MAIL METAL SIGN,1,2010-01-11 09:37:00,1.7,,United Kingdom
571277,23490,T-LIGHT HOLDER HANGING LOVE BIRD,6,2011-10-16 12:40:00,3.75,16934,United Kingdom
533964,DOT,DOTCOM POSTAGE,1,2010-11-19 13:05:00,120.21,,United Kingdom
561463,21217,RED RETROSPOT ROUND CAKE TINS,1,2011-07-27 12:38:00,9.95,14527,United Kingdom
496490,22383,LUNCH BAG SUKI  DESIGN ,2,2010-02-01 17:18:00,3.36,,United Kingdom
533452,22633,HAND WARMER UNION JACK,24,2010-11-17 11:48:00,2.1,16258,United Kingdom
502429,84997B,RED 3 PIECE MINI DOTS CUTLERY SET,6,2010-03-24 12:43:00,3.75,12742,United Arab Emirates
516454,21931,JUMBO STORAGE BAG SUKI,40,2010-07-20 13:34:00,1.95,14292,United Kingdom
516884,37444A,YELLOW BREAKFAST CUP AND SAUCER,2,2010-07-23 14:15:00,2.95,15311,United Kingdom
581420,22326,ROUND SNACK BOXES SET OF4 WOODLAND ,6,2011-12-08 15:09:00,2.95,16358,United Kingdom
569255,23534,STOP FOR TEA WALL ART,108,2011-10-03 11:01:00,3.88,18102,United Kingdom
503940,22262,FELT EGG COSY CHICKEN,1,2010-04-08 14:47:00,1.66,,United Kingdom
537743,22800,ANTIQUE TALL SWIRLGLASS TRINKET POT,4,2010-12-08 11:02:00,3.75,17706,United Kingdom
568069,22630,DOLLY GIRL LUNCH BOX,12,2011-09-23 14:05:00,1.95,13336,United Kingdom
517328,21535,RED RETROSPOT SMALL MILK JUG,12,2010-07-28 12:46:00,2.55,13408,United Kingdom
565396,21314,SMALL GLASS HEART TRINKET POT,6,2011-09-02 16:39:00,4.13,,United Kingdom
562933,21787,RAIN PONCHO RETROSPOT,3,2011-08-10 16:51:00,1.63,,United Kingdom
491118,84406B,CREAM CUPID HEARTS COAT HANGER,3,2009-12-09 15:03:00,3.25,16933,United Kingdom
500098,82581,TOILET METAL SIGN,4,2010-03-04 12:32:00,0.55,16771,United Kingdom
539748,DOT,DOTCOM POSTAGE,1,2010-12-21 15:23:00,29.53,,United Kingdom
537666,22114,HOT WATER BOTTLE TEA AND SYMPATHY,5,2010-12-07 18:36:00,8.47,,United Kingdom
508504,22468,BABUSHKA LIGHTS STRING OF 10,5,2010-05-16 16:05:00,6.75,13451,United Kingdom
545687,22659,LUNCH BOX I LOVE LONDON,2,2011-03-06 12:20:00,1.95,17769,United Kingdom
563194,22426,ENAMEL WASH BOWL CREAM,4,2011-08-12 16:36:00,3.75,17858,United Kingdom
502030,84709B,PINK OVAL JEWELLED MIRROR,2,2010-03-22 13:11:00,5.91,,United Kingdom
540026,21519,GIN & TONIC DIET GREETING CARD ,2,2011-01-04 13:25:00,0.85,,United Kingdom
541423,84032A,CHARLIE+LOLA PINK HOT WATER BOTTLE,1,2011-01-17 17:54:00,3.29,,United Kingdom
511450,21231,SWEETHEART CERAMIC TRINKET BOX,12,2010-06-08 12:36:00,1.25,16048,United Kingdom
517578,21985,PACK OF 12 HEARTS DESIGN TISSUES ,48,2010-07-30 10:44:00,0.29,14346,United Kingdom
560283,23196,VINTAGE LEAF MAGNETIC NOTEPAD,12,2011-07-18 08:32:00,0.0,,EIRE
576339,21974,SET OF 36 PAISLEY FLOWER DOILIES,1,2011-11-14 15:27:00,2.92,14096,United Kingdom
530060,85150,LADIES & GENTLEMEN METAL SIGN,1,2010-11-01 11:35:00,2.55,,United Kingdom
526140,21124,SET/10 BLUE SPOTTY PARTY CANDLES,24,2010-10-08 14:40:00,1.25,14665,United Kingdom
511096,22719,GUMBALL MONOCHROME COAT RACK,12,2010-06-06 15:49:00,1.25,12682,France
493978,85099C,JUMBO  BAG BAROQUE BLACK WHITE,100,2010-01-10 11:55:00,1.65,17920,United Kingdom
545914,20725,LUNCH BAG RED RETROSPOT,20,2011-03-08 11:39:00,1.65,13340,United Kingdom
579807,84947,ANTIQUE SILVER TEA GLASS ENGRAVED,6,2011-11-30 15:50:00,1.25,15046,United Kingdom
493812,21425,SKULLS STORAGE BOX LARGE,6,2010-01-07 11:52:00,2.95,13081,United Kingdom
519613,90186B,CRYSTAL HOOP EARRING FLORAL LEAF,6,2010-08-18 17:43:00,2.95,15154,United Kingdom
C574524,M,Manual,-1,2011-11-04 13:53:00,12.75,17841,United Kingdom
579259,23372,SET 36 COLOUR PENCILS DOLLY GIRL,16,2011-11-29 08:40:00,1.25,12451,Switzerland
507398,48184,DOOR MAT ENGLISH ROSE ,1,2010-05-09 13:15:00,7.49,17913,United Kingdom
498444,85202,HANGING WOOD AND FELT HEART,1,2010-02-19 09:52:00,0.84,,United Kingdom
492724,22148,EASTER CRAFT 4 CHICKS ,120,2009-12-18 10:59:00,1.65,14646,Netherlands
571030,23308,SET OF 60 VINTAGE LEAF CAKE CASES ,72,2011-10-13 12:26:00,0.55,12876,Belgium
537055,21889,WOODEN BOX OF DOMINOES,4,2010-12-05 11:45:00,1.25,16814,United Kingdom
506245,22365,DOOR MAT RESPECTABLE HOUSE,2,2010-04-28 13:21:00,7.49,16447,United Kingdom
551412,21873,IF YOU CAN'T STAND THE HEAT MUG,6,2011-04-28 13:31:00,1.25,15508,United Kingdom
560394,23322,LARGE WHITE HEART OF WICKER,2,2011-07-18 13:35:00,2.95,14390,United Kingdom
539996,21784,,-10,2011-01-04 10:12:00,0.0,,United Kingdom
546780,23010,CIRCUS PARADE BABY GIFT SET,24,2011-03-17 07:40:00,14.95,12435,Denmark
575656,22186,RED STAR CARD HOLDER,12,2011-11-10 14:29:00,1.95,13319,United Kingdom
490674,22118,JOY WOODEN BLOCK LETTERS,3,2009-12-07 13:06:00,4.95,14307,United Kingdom
528615,22157,ANGEL DECORATION WITH LACE PADDED,4,2010-10-22 16:36:00,0.85,17231,United Kingdom
542526,21458,2 PICTURE BOOK EGGS EASTER BUNNY,6,2011-01-28 12:43:00,1.25,14659,United Kingdom
541696,22970,LONDON BUS COFFEE MUG,1,2011-01-20 18:08:00,4.96,,United Kingdom
524307,22467,GUMBALL COAT RACK,12,2010-09-28 13:54:00,2.55,17092,United Kingdom
530288,22840,ROUND CAKE TIN VINTAGE RED,1,2010-11-02 12:16:00,7.95,14593,United Kingdom
499980,21955,DOOR MAT UNION JACK GUNS AND ROSES,1,2010-03-03 15:28:00,13.57,,United Kingdom
528954,22776,SWEETHEART CAKESTAND 3 TIER,12,2010-10-26 08:11:00,8.5,14156,EIRE
545715,21428,SET3 BOOK BOX GREEN GINGHAM FLOWER ,1,2011-03-07 10:13:00,8.29,,United Kingdom
576654,22112,CHOCOLATE HOT WATER BOTTLE,1,2011-11-16 10:55:00,4.95,15584,United Kingdom
533140,22866,HAND WARMER SCOTTY DOG DESIGN,2,2010-11-16 13:04:00,2.1,15968,United Kingdom
510548,71101E,STANDING FAIRY POLE SUPPORT ,6,2010-06-01 15:59:00,0.85,18038,United Kingdom
529368,22775,PURPLE DRAWERKNOB ACRYLIC EDWARDIAN,16,2010-10-28 10:16:00,2.51,,United Kingdom
525745,21531,RED RETROSPOT SUGAR JAM BOWL,6,2010-10-07 09:23:00,2.55,13785,United Kingdom
573748,23170,REGENCY TEA PLATE ROSES ,12,2011-11-01 09:24:00,1.65,14911,EIRE
523864,20767,BLUE PAISLEY JOURNAL ,4,2010-09-24 12:24:00,2.55,15034,United Kingdom
542898,22109,FULL ENGLISH BREAKFAST PLATE,1,2011-02-01 14:01:00,3.75,16110,United Kingdom
530888,35980C,,-1,2010-11-04 15:08:00,0.0,,United Kingdom
534011,82552,WASHROOM METAL SIGN,24,2010-11-19 14:30:00,1.45,17873,United Kingdom
537606,21407,BROWN CHECK CAT DOORSTOP ,2,2010-12-07 13:16:00,4.25,15002,United Kingdom
578065,17084N,FAIRY DREAMS INCENSE ,18,2011-11-22 15:41:00,0.42,,United Kingdom
538635,22640,SET OF 4 NAPKIN CHARMS 3 KEYS ,1,2010-12-13 13:32:00,2.55,17303,United Kingdom
514163,22150,3 STRIPEY MICE FELTCRAFT,2,2010-06-30 15:34:00,1.95,16283,United Kingdom
544569,21622,VINTAGE UNION JACK CUSHION COVER,3,2011-02-21 12:58:00,4.95,16980,United Kingdom
497909,21339,MARAKESH LANTERN LARGE,1,2010-02-14 13:39:00,19.95,15272,United Kingdom
490711,21146,ANTIQUE GLASS RIDGED HANGING BALL,2,2009-12-07 15:26:00,1.95,17841,United Kingdom
514462,21429,RED GINGHAM ROSE JEWELLERY BOX,3,2010-07-02 12:43:00,1.65,14963,United Kingdom
552667,15056n,EDWARDIAN PARASOL NATURAL,1,2011-05-10 15:05:00,12.46,,United Kingdom
490938,35633B,BLUE TINSEL GARLAND ,5,2009-12-08 13:59:00,0.19,14605,United Kingdom
541479,22090,PAPER BUNTING RETROSPOT,40,2011-01-18 11:54:00,2.55,16422,United Kingdom
537646,79321,CHILLI LIGHTS,1,2010-12-07 15:39:00,4.95,17591,United Kingdom
511113,22048,BIRTHDAY BANQUET GIFT WRAP,25,2010-06-07 10:24:00,0.42,14309,United Kingdom
493956,48138,DOOR MAT UNION FLAG,2,2010-01-08 14:16:00,6.75,15465,United Kingdom
549592,21205,MULTICOLOUR 3D BALLS GARLAND,6,2011-04-11 10:14:00,2.55,14311,United Kingdom
500784,85049D,BRIGHT BLUES RIBBONS ,12,2010-03-10 10:51:00,1.25,14286,United Kingdom
536592,20735,BLACK MINI TAPE MEASURE ,4,2010-12-01 17:06:00,0.85,,United Kingdom
547936,22333,RETROSPOT PARTY BAG + STICKER SET,1,2011-03-28 14:23:00,1.65,15874,United Kingdom
495331,85206A,CREAM FELT EASTER EGG BASKET,4,2010-01-22 16:28:00,1.65,17799,United Kingdom
553831,23118,PARISIENNE JEWELLERY DRAWER ,4,2011-05-19 11:36:00,7.5,14442,Channel Islands
498416,48187,DOOR MAT NEW ENGLAND,2,2010-02-18 16:16:00,7.49,14783,United Kingdom
509743,22277,COSMETIC BAG VINTAGE ROSE PAISLEY,1,2010-05-25 13:21:00,2.1,17841,United Kingdom
C562954,22461,SAVOY ART DECO CLOCK,-2,2011-08-11 10:13:00,3.95,17429,United Kingdom
C522851,22198,LARGE POPCORN HOLDER ,-8,2010-09-17 11:20:00,1.65,14911,EIRE
581015,21592,RETROSPOT CIGAR BOX MATCHES ,24,2011-12-07 09:35:00,0.39,13949,United Kingdom
C515787,22502,PICNIC BASKET WICKER SMALL,-1,2010-07-14 15:46:00,4.25,14621,United Kingdom
C579911,23085,ANTIQUE SILVER BAUBLE LAMP  ,-1,2011-12-01 08:53:00,10.4,14525,United Kingdom
540178,22966,GINGERBREAD MAN COOKIE CUTTER,12,2011-01-05 12:42:00,1.25,12681,France
542716,22151,PLACE SETTING WHITE HEART,6,2011-01-31 14:02:00,0.42,16407,United Kingdom
575366,23191,BUNDLE OF 3 RETRO NOTE BOOKS,12,2011-11-09 15:02:00,1.65,14621,United Kingdom
508184,85164B,BLACK BAROQUE CUCKOO CLOCK,6,2010-05-13 12:47:00,8.5,13078,United Kingdom
557484,21872,GLAMOROUS  MUG,1,2011-06-20 14:36:00,1.25,14796,United Kingdom
531485,22645,CERAMIC HEART FAIRY CAKE MONEY BANK,12,2010-11-08 14:51:00,1.45,15992,United Kingdom
576246,22494,EMERGENCY FIRST AID TIN ,2,2011-11-14 13:42:00,1.25,17566,United Kingdom
575628,22119,PEACE WOODEN BLOCK LETTERS,1,2011-11-10 13:31:00,6.95,12844,United Kingdom
537823,22809,SET OF 6 T-LIGHTS SANTA,1,2010-12-08 14:25:00,5.91,,United Kingdom
572058,22867,HAND WARMER BIRD DESIGN,1,2011-10-20 12:43:00,2.1,18252,United Kingdom
493435,17039,INLAID WOOD INCENSE HOLDER,10,2010-01-04 12:57:00,0.29,13206,United Kingdom
563093,22659,LUNCH BOX I LOVE LONDON,1,2011-08-11 17:28:00,4.13,,United Kingdom
542892,22151,PLACE SETTING WHITE HEART,432,2011-02-01 13:28:00,0.36,13784,United Kingdom
537894,22725,ALARM CLOCK BAKELIKE CHOCOLATE,12,2010-12-09 10:16:00,3.75,12621,Germany
549240,21034,REX CASH+CARRY JUMBO SHOPPER,1,2011-04-07 11:37:00,0.95,15910,United Kingdom
497815,22058,,192,2010-02-12 14:52:00,0.0,,United Kingdom
491173,21172,PARTY METAL SIGN ,4,2009-12-10 11:42:00,1.45,15858,United Kingdom
C523352,22699,ROSES REGENCY TEACUP AND SAUCER ,-12,2010-09-21 16:39:00,2.55,16684,United Kingdom
556905,23075,PARLOUR CERAMIC WALL HOOK,2,2011-06-15 13:05:00,4.15,16904,United Kingdom
559418,22900,SET 2 TEA TOWELS I LOVE LONDON ,6,2011-07-08 11:36:00,3.25,12681,France
525761,22593,CHRISTMAS GINGHAM STAR,24,2010-10-07 10:37:00,0.85,16325,United Kingdom
C506903,79323W,WHITE CHERRY LIGHTS,-1,2010-05-05 10:19:00,6.75,16934,United Kingdom
532657,21314,SMALL GLASS HEART TRINKET POT,12,2010-11-14 11:10:00,2.1,14562,United Kingdom
528356,22027,TEA PARTY BIRTHDAY CARD,12,2010-10-21 14:55:00,0.42,12877,United Kingdom
519247,84755,COLOUR GLASS T-LIGHT HOLDER HANGING,32,2010-08-15 14:38:00,0.65,16101,United Kingdom
489796,21490,SET OF THREE 50'S GIFT WRAPS ,6,2009-12-02 12:15:00,1.95,15680,United Kingdom
565491,22946,WOODEN ADVENT CALENDAR CREAM,12,2011-09-05 11:41:00,12.75,13881,United Kingdom
525753,47559B,TEA TIME OVEN GLOVE,1,2010-10-07 10:19:00,2.51,,United Kingdom
579196,21716,BOYS VINTAGE TIN SEASIDE BUCKET,1,2011-11-28 15:54:00,4.96,14096,United Kingdom
513450,21116,OWL DOORSTOP,2,2010-06-24 15:03:00,0.0,,United Kingdom
507448,21121,SET/10 RED SPOTTY PARTY CANDLES,1,2010-05-10 09:55:00,2.51,,United Kingdom
544484,21754,HOME BUILDING BLOCK WORD,6,2011-02-21 11:10:00,5.95,15321,United Kingdom
C502900,21455,PAINTED YELLOW WOODEN DAISY,-4,2010-03-29 12:05:00,0.85,15605,United Kingdom
538523,85183B,CHARLIE & LOLA WASTEPAPER BIN FLORA,6,2010-12-13 09:29:00,3.75,13198,United Kingdom
536255,22867,HAND WARMER BIRD DESIGN,12,2010-11-30 15:02:00,2.1,13267,United Kingdom
574840,84596B,SMALL DOLLY MIX DESIGN ORANGE BOWL,1,2011-11-07 11:41:00,0.42,12748,United Kingdom
515910,17091A,LAVENDER INCENSE IN TIN,36,2010-07-15 13:17:00,0.38,14298,United Kingdom
C564215,22960,JAM MAKING SET WITH JARS,-1,2011-08-24 09:22:00,4.25,16133,United Kingdom
537192,22065,CHRISTMAS PUDDING TRINKET POT ,2,2010-12-05 13:42:00,1.45,16402,United Kingdom
571905,22779,WOODEN OWLS LIGHT GARLAND ,4,2011-10-19 14:51:00,4.25,12370,Cyprus
544042,82580,BATHROOM METAL SIGN,2,2011-02-15 11:52:00,0.55,14527,United Kingdom
527407,22511,RETROSPOT BABUSHKA DOORSTOP,1,2010-10-17 14:44:00,3.75,17141,United Kingdom
561359,22149,FELTCRAFT 6 FLOWER FRIENDS,6,2011-07-26 15:29:00,2.1,17160,United Kingdom
520724,20718,RED SPOTTY SHOPPER BAG,2,2010-08-29 15:07:00,1.25,17841,United Kingdom
572066,22041,"RECORD FRAME 7"" SINGLE SIZE ",12,2011-10-20 13:07:00,2.55,15159,United Kingdom
575744,23394,POSTE FRANCE CUSHION COVER,4,2011-11-11 10:03:00,3.75,14035,United Kingdom
564090,23294,SET OF 6 SNACK LOAF BAKING CASES,8,2011-08-23 09:53:00,0.83,17041,United Kingdom
510195,20716,PARTY FOOD SHOPPER BAG,2,2010-05-27 19:53:00,1.25,13230,United Kingdom
578510,23196,VINTAGE LEAF MAGNETIC NOTEPAD,2,2011-11-24 13:25:00,1.45,14056,United Kingdom
506901,21843,RED RETROSPOT CAKE STAND,1,2010-05-05 09:55:00,10.95,13591,United Kingdom
504427,22323,PINK POLKADOT KIDS BAG,1,2010-04-13 13:21:00,1.95,14030,United Kingdom
C575531,22960,JAM MAKING SET WITH JARS,-4,2011-11-10 11:12:00,4.25,12544,Spain
C524962,47422,ASSORTED MONKEY SUCTION CUP HOOK,-24,2010-10-01 13:43:00,0.42,12474,Germany
505863,DOT,DOTCOM POSTAGE,1,2010-04-26 13:24:00,26.68,,United Kingdom
505712,82486,WOOD S/3 CABINET ANT WHITE FINISH,2,2010-04-25 12:43:00,7.95,13527,United Kingdom
552857,21071,VINTAGE BILLBOARD DRINK ME MUG,1,2011-05-11 15:34:00,2.46,,United Kingdom
493960,72799E,IVORY PILLAR CANDLE SILVER FLOCK,6,2010-01-08 15:01:00,2.95,16556,United Kingdom
546899,20719,WOODLAND CHARLOTTE BAG,50,2011-03-17 18:27:00,0.72,14298,United Kingdom
558475,17084P,DRAGONS BLOOD INCENSE,1,2011-06-29 15:58:00,0.42,,United Kingdom
537868,82600,NO SINGING METAL SIGN,24,2010-12-08 16:49:00,2.1,12433,Norway
579508,23309,SET OF 60 I LOVE LONDON CAKE CASES ,3,2011-11-29 16:33:00,1.25,,United Kingdom
509452,85150,LADIES & GENTLEMEN METAL SIGN,12,2010-05-24 09:44:00,2.1,17448,United Kingdom
581219,22727,ALARM CLOCK BAKELIKE RED ,1,2011-12-08 09:28:00,7.46,,United Kingdom
519831,22303,COFFEE MUG APPLES DESIGN,6,2010-08-20 15:03:00,2.55,13911,United Kingdom
535407,21390,FILIGRIS HEART WITH BUTTERFLY,1,2010-11-26 11:20:00,2.51,,United Kingdom
C577096,22928,YELLOW GIANT GARDEN THERMOMETER,-3,2011-11-17 16:40:00,5.95,17095,United Kingdom
531493,22219,LOVEBIRD HANGING DECORATION WHITE ,5,2010-11-08 15:12:00,0.85,17984,United Kingdom
569667,22596,CHRISTMAS STAR WISH LIST CHALKBOARD,12,2011-10-05 13:42:00,1.25,17521,United Kingdom
563360,22690,DOORMAT HOME SWEET HOME BLUE ,1,2011-08-15 15:06:00,7.95,15023,United Kingdom
578344,22624,IVORY KITCHEN SCALES,1,2011-11-24 09:21:00,16.63,,United Kingdom
529850,22753,SMALL YELLOW BABUSHKA NOTEBOOK ,1,2010-10-31 13:35:00,0.85,16788,United Kingdom
547247,35915B,BLUE KNITTED HEN ,12,2011-03-22 09:01:00,1.65,18225,United Kingdom
537258,22952,60 CAKE CASES VINTAGE CHRISTMAS,5,2010-12-06 11:16:00,0.55,17227,United Kingdom
509962,DOT,DOTCOM POSTAGE,1,2010-05-26 12:54:00,51.57,,United Kingdom
572688,21933,PINK VINTAGE PAISLEY PICNIC BAG,20,2011-10-25 14:09:00,1.65,13028,United Kingdom
548894,22285,HANGING HEN ON NEST DECORATION,2,2011-04-04 16:01:00,3.29,,United Kingdom
495353,21563,RED HEART SHAPE LOVE BUCKET ,1,2010-01-24 11:21:00,2.95,17780,United Kingdom
546972,84029E,RED WOOLLY HOTTIE WHITE HEART.,1,2011-03-18 12:04:00,7.46,,United Kingdom
576059,21714,CITRONELLA CANDLE GARDEN POT,6,2011-11-13 15:19:00,1.25,15411,United Kingdom
C562375,23314,VINTAGE CHRISTMAS TABLECLOTH,-4,2011-08-04 14:46:00,12.5,14911,EIRE
509431,22221,CAKE STAND LOVEBIRD 2 TIER PINK,2,2010-05-23 14:25:00,9.95,15394,United Kingdom
577228,23156,SET OF 5 MINI GROCERY MAGNETS,1,2011-11-18 12:07:00,2.08,12391,Cyprus
496866,21333,CLASSIC WHITE FRAME,4,2010-02-04 12:22:00,2.95,15046,United Kingdom
544150,22762,CUPBOARD 3 DRAWER MA CAMPAGNE,1,2011-02-16 11:59:00,14.95,14180,United Kingdom
522711,20829,GLITTER HANGING BUTTERFLY STRING,1,2010-09-16 11:40:00,2.1,17348,United Kingdom
522310,85016,SET OF 6 VINTAGE NOTELETS KIT,1,2010-09-13 15:12:00,2.51,,United Kingdom
551158,21468,BUTTERFLY CROCHET FOOD COVER,3,2011-04-26 15:00:00,3.75,16823,United Kingdom
495380,21185, HOME SWEET HOME  BLACKBOARD,3,2010-01-24 13:51:00,6.35,16592,United Kingdom
501558,90200D,PINK SWEETHEART BRACELET,1,2010-03-17 16:35:00,4.24,,United Kingdom
568152,20749,ASSORTED COLOUR MINI CASES,2,2011-09-25 11:40:00,7.95,16480,United Kingdom
548728,22371,AIRLINE BAG VINTAGE TOKYO 78,4,2011-04-04 09:55:00,4.25,13198,United Kingdom
527561,21539,RED RETROSPOT BUTTER DISH,1,2010-10-18 13:30:00,4.95,14606,United Kingdom
555284,23212,HEART WREATH DECORATION WITH BELL,24,2011-06-02 09:37:00,1.04,14298,United Kingdom
577106,84536A,ENGLISH ROSE NOTEBOOK A7 SIZE,2,2011-11-17 17:18:00,0.42,14456,United Kingdom
C520668,M,Manual,-1,2010-08-27 13:49:00,598.31,,United Kingdom
521691,21871,SAVE THE PLANET MUG,1,2010-09-07 17:19:00,3.36,,United Kingdom
C555597,D,Discount,-1,2011-06-06 10:19:00,42.0,15796,United Kingdom
C557890,20914,SET/5 RED RETROSPOT LID GLASS BOWLS,-3,2011-06-23 13:54:00,2.95,17204,United Kingdom
562158,22067,CHOC TRUFFLE GOLD TRINKET POT ,2,2011-08-03 11:45:00,1.65,15039,United Kingdom
511262,22118,JOY WOODEN BLOCK LETTERS,1,2010-06-07 12:43:00,4.95,16655,United Kingdom
545568,22586,FELTCRAFT HAIRBAND PINK AND BLUE,1,2011-03-03 16:22:00,1.63,,United Kingdom
513950,37502,TEA TIME MUG IN GIFT BOX,12,2010-06-29 13:52:00,2.95,15425,United Kingdom
574353,23582,VINTAGE DOILY JUMBO BAG RED ,5,2011-11-04 10:46:00,2.08,14659,United Kingdom
541584,22197,SMALL POPCORN HOLDER,1,2011-01-19 14:12:00,1.63,,United Kingdom
500663,21303,FILIGREE WALL MIRROR  ANTIQUE WHITE,1,2010-03-09 12:10:00,16.95,17700,United Kingdom
490054,21493, VINTAGE DESIGN GIFT TAGS,48,2009-12-03 13:22:00,0.85,17017,United Kingdom
566249,23431,NATURAL HANGING QUILTED HEARTS ,12,2011-09-11 12:09:00,0.83,13527,United Kingdom
512437,84993A,75 GREEN PETIT FOUR CASES,1,2010-06-15 16:17:00,0.84,,United Kingdom
499596,20980,36 PENCILS TUBE POSY,2,2010-03-01 12:21:00,1.25,16511,United Kingdom
C542404,22776,SWEETHEART CAKESTAND 3 TIER,-3,2011-01-27 16:08:00,9.95,13534,United Kingdom
562549,22977,DOLLY GIRL CHILDRENS EGG CUP,12,2011-08-05 16:10:00,1.25,17092,United Kingdom
559704,21936,RED RETROSPOT PICNIC BAG,5,2011-07-12 09:54:00,2.95,12669,France
515182,21975,PACK OF 60 DINOSAUR CAKE CASES,24,2010-07-08 19:56:00,0.55,14702,United Kingdom
C574027,35648,VINTAGE BEAD PINK PURSE ,-24,2011-11-02 12:32:00,0.83,13394,United Kingdom
496579,22325,MOBILE VINTAGE HEARTS ,1,2010-02-02 13:48:00,4.95,12748,United Kingdom
516941,20961,STRAWBERRY BATH SPONGE ,1,2010-07-25 14:30:00,1.25,15898,United Kingdom
502746,21967,PACK OF 12 SKULL TISSUES,1,2010-03-26 12:53:00,0.81,,United Kingdom
531728,82482,WOODEN PICTURE FRAME WHITE FINISH,2,2010-11-09 12:07:00,2.55,16223,United Kingdom
578017,85123A,WHITE HANGING HEART T-LIGHT HOLDER,3,2011-11-22 13:07:00,2.95,13569,United Kingdom
550975,20941,,20,2011-04-21 17:28:00,0.0,,United Kingdom
492543,20747,PICCADILLY TEA SET,1,2009-12-17 13:41:00,14.95,,United Kingdom
506578,22243,"HOOK, 5 HANGER ,MAGIC TOADSTOOL RED",12,2010-04-30 13:52:00,1.65,12708,Germany
503340,22582,PACK OF 6 SWEETIE GIFT BOXES,2,2010-03-31 12:52:00,2.55,13059,United Kingdom
553768,84519A,TOMATO CHARLIE+LOLA COASTER SET,1,2011-05-19 10:47:00,5.79,,United Kingdom
574660,21509,COWBOYS AND INDIANS BIRTHDAY CARD ,12,2011-11-06 11:55:00,0.42,15407,United Kingdom
559894,21156,RETROSPOT CHILDRENS APRON,1,2011-07-13 12:06:00,1.95,14159,United Kingdom
C571707,23194,GYMKHANA TREASURE BOOK BOX,-4,2011-10-18 15:33:00,2.25,14056,United Kingdom
522298,20972,PINK CREAM FELT CRAFT TRINKET BOX ,12,2010-09-13 14:45:00,1.25,14913,United Kingdom
520727,17038,PORCELAIN BUDAH INCENSE HOLDER,10,2010-08-29 15:45:00,0.1,16755,United Kingdom
525493,22079,RIBBON REEL HEARTS DESIGN ,4,2010-10-05 16:18:00,1.65,17576,United Kingdom
566711,21578,,-31,2011-09-14 12:03:00,0.0,,United Kingdom
556092,22630,DOLLY GIRL LUNCH BOX,1,2011-06-08 15:25:00,2.46,,United Kingdom
565795,21155,RED RETROSPOT PEG BAG,6,2011-09-07 09:57:00,2.55,17481,United Kingdom
493413,21723,ALPHABET HEARTS STICKER SHEET,1,2010-01-04 09:54:00,0.85,,United Kingdom
557019,22778,GLASS CLOCHE SMALL,1,2011-06-16 12:45:00,3.95,15907,United Kingdom
519759,84507B,STRIPES DESIGN MONKEY DOLL,6,2010-08-20 10:57:00,2.55,16503,United Kingdom
511285,21411,GINGHAM HEART  DOORSTOP RED,9,2010-06-07 14:46:00,4.25,15260,United Kingdom
551672,84631,,-4,2011-05-03 12:39:00,0.0,,United Kingdom
540698,82600,NO SINGING METAL SIGN,48,2011-01-11 09:24:00,2.21,17450,United Kingdom
496321,84402D,PINK DRESS JEWELLERY STAND ,2,2010-01-31 12:43:00,2.95,16014,United Kingdom
540468,85186A,EASTER BUNNY GARLAND OF FLOWERS,2,2011-01-07 13:55:00,0.85,,United Kingdom
531227,22297,HEART IVORY TRELLIS SMALL,4,2010-11-05 16:42:00,1.25,14825,United Kingdom
541827,21709,FOLDING UMBRELLA CHOCOLATE POLKADOT,3,2011-01-21 17:05:00,3.29,,United Kingdom
540245,22755,SMALL PURPLE BABUSHKA NOTEBOOK ,12,2011-01-05 15:42:00,0.85,13082,United Kingdom
568950,POST,POSTAGE,2,2011-09-29 15:25:00,40.0,12458,Switzerland
549558,22979,PANTRY WASHING UP BRUSH,1,2011-04-10 13:21:00,1.45,15058,United Kingdom
563936,23268,SET OF 2 CERAMIC CHRISTMAS REINDEER,12,2011-08-22 09:03:00,1.45,17828,Malta
563935,21042,RED RETROSPOT APRON ,1,2011-08-21 16:24:00,5.95,15547,United Kingdom
550712,21578,WOODLAND DESIGN  COTTON TOTE BAG,6,2011-04-20 11:06:00,2.25,15159,United Kingdom
559362,23159,SET OF 5 PANCAKE DAY MAGNETS,12,2011-07-08 08:43:00,2.08,12635,Germany
491750,37475,SET/4 COLOURFUL MIXING BOWLS,1,2009-12-14 11:48:00,9.95,14527,United Kingdom
525167,22570,FELTCRAFT CUSHION RABBIT,4,2010-10-04 12:14:00,3.75,12486,Sweden
537381,85231B,CINAMMON SET OF 9 T-LIGHTS,6,2010-12-06 13:13:00,0.85,14667,United Kingdom
538566,21042,RED RETROSPOT APRON ,1,2010-12-13 11:21:00,12.72,,United Kingdom
529727,22594,CHRISTMAS GINGHAM TREE,2,2010-10-29 14:12:00,1.66,,United Kingdom
534192,84945,MULTI COLOUR SILVER T-LIGHT HOLDER,60,2010-11-21 14:34:00,0.85,13213,United Kingdom
496473,PADS,PADS TO MATCH ALL CUSHIONS,1,2010-02-01 15:38:00,0.001,17350,United Kingdom
538641,22077,6 RIBBONS RUSTIC CHARM,36,2010-12-13 14:36:00,1.65,15640,United Kingdom
564144,82616B,FRAPPUCINO SCARF KNITTING KIT,12,2011-08-23 11:53:00,1.25,13939,United Kingdom
528734,21166,COOK WITH WINE METAL SIGN ,12,2010-10-24 13:55:00,1.95,17435,United Kingdom
537638,21967,PACK OF 12 SKULL TISSUES,1,2010-12-07 15:28:00,0.85,,United Kingdom
581023,23389,SPACEBOY MINI BACKPACK,1,2011-12-07 10:35:00,8.29,,United Kingdom
580721,23571,TRADITIONAL NAUGHTS & CROSSES,12,2011-12-05 16:57:00,1.65,15274,United Kingdom
565667,22169,FAMILY ALBUM WHITE PICTURE FRAME,2,2011-09-06 08:34:00,8.5,17449,United Kingdom
547906,21874,GIN AND TONIC MUG,1,2011-03-28 12:13:00,1.25,14410,United Kingdom
529133,20973,12 PENCIL SMALL TUBE WOODLAND,3,2010-10-26 14:47:00,1.28,,United Kingdom
547383,16237,SLEEPING CAT ERASERS,30,2011-03-22 15:42:00,0.21,12613,Germany
520212,21621,VINTAGE UNION JACK BUNTING,2,2010-08-24 17:21:00,8.5,16033,United Kingdom
564539,20712,JUMBO BAG WOODLAND ANIMALS,10,2011-08-25 15:22:00,2.08,12715,Sweden
497632,21770,OPEN CLOSED METAL SIGN,1,2010-02-11 13:41:00,4.95,16918,United Kingdom
519656,22077,6 RIBBONS RUSTIC CHARM,24,2010-08-19 10:58:00,1.65,12647,Germany
518977,22755,SMALL PURPLE BABUSHKA NOTEBOOK ,24,2010-08-12 16:27:00,0.85,15581,United Kingdom
564642,22959,WRAP CHRISTMAS VILLAGE,25,2011-08-26 13:22:00,0.42,13527,United Kingdom
498911,21223,SET/4 BADGES WOODLAND ANIMAL,10,2010-02-23 15:27:00,1.25,16702,United Kingdom
500306,84849D,HOT BATHS SOAP HOLDER,12,2010-03-07 11:01:00,1.69,13201,United Kingdom
564056,22467,GUMBALL COAT RACK,3,2011-08-22 14:13:00,2.55,14387,United Kingdom
537829,22910,PAPER CHAIN KIT VINTAGE CHRISTMAS,18,2010-12-08 14:46:00,2.95,15498,United Kingdom
531759,22197,SMALL POPCORN HOLDER,4,2010-11-09 13:34:00,0.85,16740,United Kingdom
C543768,22794,SWEETHEART WIRE MAGAZINE RACK,-1,2011-02-11 15:20:00,7.95,14497,United Kingdom
C578991,35961,FOLKART ZINC HEART CHRISTMAS DEC,-1,2011-11-27 15:31:00,0.85,15555,United Kingdom
555924,23203,JUMBO BAG DOILEY PATTERNS,2,2011-06-07 17:12:00,4.13,,United Kingdom
C490943,BANK CHARGES, Bank Charges,-1,2009-12-08 14:08:00,15.0,16703,United Kingdom
581437,22743,MAKE YOUR OWN FLOWERPOWER CARD KIT,12,2011-12-08 16:22:00,0.79,14621,United Kingdom
558321,22055,MINI CAKE STAND  HANGING STRAWBERY,1,2011-06-28 11:53:00,3.29,,United Kingdom
537034,22738,RIBBON REEL SNOWY VILLAGE,10,2010-12-03 17:20:00,1.65,13081,United Kingdom
569669,22557,PLASTERS IN TIN VINTAGE PAISLEY ,2,2011-10-05 13:47:00,1.65,14730,United Kingdom
511111,22271,FELTCRAFT DOLL ROSIE,1,2010-06-07 10:05:00,2.95,17994,United Kingdom
562892,23296,SET OF 6 TEA TIME BAKING CASES,8,2011-08-10 12:24:00,1.25,16292,United Kingdom
C512272,22142,CHRISTMAS CRAFT WHITE FAIRY ,-4,2010-06-14 13:32:00,1.45,15031,United Kingdom
511544,21577,SAVE THE PLANET COTTON TOTE BAG,1,2010-06-08 17:48:00,5.06,,United Kingdom
C512668,22184,CAKE STAND VICTORIAN FILIGREE LARGE,-2,2010-06-17 11:33:00,8.5,16158,United Kingdom
499494,85200,BUNNY EGG BOX,6,2010-02-28 14:12:00,1.25,16283,United Kingdom
525755,21826,EIGHT PIECE DINOSAUR SET,1,2010-10-07 10:23:00,2.51,,United Kingdom
C542588,21313,GLASS HEART T-LIGHT HOLDER ,-5,2011-01-28 15:57:00,0.85,12997,United Kingdom
C548972,22502,PICNIC BASKET WICKER SMALL,-4,2011-04-05 11:42:00,5.95,15674,United Kingdom
569214,16219,HOUSE SHAPE PENCIL SHARPENER,288,2011-10-02 12:22:00,0.06,14533,United Kingdom
566972,21790,VINTAGE SNAP CARDS,12,2011-09-16 09:13:00,0.85,16573,United Kingdom
540356,20677,PINK POLKADOT BOWL,1,2011-01-06 15:12:00,1.66,,United Kingdom
560359,22630,DOLLY GIRL LUNCH BOX,1,2011-07-18 11:47:00,1.95,14159,United Kingdom
514967,22521,CHILDS GARDEN TROWEL PINK,2,2010-07-07 12:21:00,0.85,17110,United Kingdom
537534,22520,CHILDS GARDEN TROWEL BLUE ,1,2010-12-07 11:48:00,0.0,,United Kingdom
516168,M,Manual,1,2010-07-18 13:22:00,21.95,15547,United Kingdom
581439,84946,ANTIQUE SILVER T-LIGHT GLASS,9,2011-12-08 16:30:00,2.46,,United Kingdom
505316,21878,PACK OF 6 SANDCASTLE FLAGS ASSORTED,4,2010-04-21 12:06:00,0.85,16231,United Kingdom
560366,23310,BUBBLEGUM RING ASSORTED,36,2011-07-18 12:19:00,0.42,16859,United Kingdom
508251,22551,PLASTERS IN TIN SPACEBOY,24,2010-05-14 10:40:00,1.65,13157,United Kingdom
495754,ADJUST,Adjustment by john on 26/01/2010 16,1,2010-01-26 16:29:00,15.58,12846,United Kingdom
569948,85048,15CM CHRISTMAS GLASS BALL 20 LIGHTS,4,2011-10-06 18:23:00,7.95,14959,United Kingdom
572540,20711,JUMBO BAG TOYS ,6,2011-10-24 16:17:00,4.13,,United Kingdom
564817,22659,LUNCH BOX I LOVE LONDON,1,2011-08-30 12:02:00,4.13,,United Kingdom
499499,21121,SET/10 RED SPOTTY PARTY CANDLES,6,2010-02-28 14:41:00,1.25,17211,United Kingdom
520847,22362,GLASS JAR PEACOCK BATH SALTS,1,2010-08-31 12:48:00,2.95,16791,United Kingdom
507133,21559,STRAWBERRY LUNCH BOX WITH CUTLERY,3,2010-05-06 12:29:00,2.55,14461,United Kingdom
558368,84077,WORLD WAR 2 GLIDERS ASSTD DESIGNS,96,2011-06-28 15:36:00,0.29,14329,United Kingdom
517981,22469,HEART OF WICKER SMALL,1,2010-08-03 14:52:00,3.36,,United Kingdom
576075,21975,PACK OF 60 DINOSAUR CAKE CASES,6,2011-11-13 16:16:00,0.55,15861,United Kingdom
513398,DOT,DOTCOM POSTAGE,1,2010-06-24 11:48:00,51.06,,United Kingdom
524706,85049e,SCANDINAVIAN REDS RIBBONS,2,2010-09-30 12:33:00,3.36,,United Kingdom
511745,22139,RETRO SPOT TEA SET CERAMIC 11 PC ,3,2010-06-10 10:43:00,4.95,15183,United Kingdom
570694,22666,RECIPE BOX PANTRY YELLOW DESIGN,6,2011-10-12 08:10:00,2.95,14911,EIRE
516194,22051,BLUE SCANDINAVIAN PAISLEY WRAP,25,2010-07-19 10:04:00,0.42,13881,United Kingdom
540154,84569D,PACK 6 HEART/ICE-CREAM PATCHES,1,2011-01-05 11:30:00,0.85,,United Kingdom
575176,22208,WOOD STAMP SET THANK YOU,1,2011-11-08 18:29:00,3.29,,United Kingdom
516875,22346,PARTY PIZZA DISH GREEN RETROSPOT,12,2010-07-23 13:29:00,0.85,13665,United Kingdom
509156,84580,MOUSE TOY WITH PINK T-SHIRT,2,2010-05-20 13:28:00,3.75,15025,United Kingdom
567673,22086,PAPER CHAIN KIT 50'S CHRISTMAS ,1,2011-09-21 15:43:00,5.79,,United Kingdom
564530,22681,FRENCH BLUE METAL DOOR SIGN 6,3,2011-08-25 14:57:00,0.0,,United Kingdom
575895,84347,ROTATING SILVER ANGELS T-LIGHT HLDR,2,2011-11-11 14:50:00,2.55,17052,United Kingdom
499683,21667,GLASS CAKE COVER AND PLATE,6,2010-03-02 09:42:00,14.95,16705,United Kingdom
500913,72799A,,-11,2010-03-11 10:23:00,0.0,,United Kingdom
536604,84970S,HANGING HEART ZINC T-LIGHT HOLDER,12,2010-12-02 08:43:00,0.85,14741,United Kingdom
524944,22751,FELTCRAFT PRINCESS OLIVIA DOLL,1,2010-10-01 12:24:00,3.75,15276,United Kingdom
538345,22791,T-LIGHT GLASS FLUTED ANTIQUE,12,2010-12-10 14:45:00,1.25,13787,United Kingdom
509307,84402B,,27,2010-05-21 12:03:00,0.0,,United Kingdom
498488,22167,"WALL MIRROR , DIAMANTE OVAL SHAPE",1,2010-02-19 10:55:00,20.38,,United Kingdom
499498,71053,WHITE METAL LANTERN,2,2010-02-28 14:34:00,3.75,14396,United Kingdom
532301,POST,POSTAGE,1,2010-11-11 14:04:00,4.95,16827,United Kingdom
560090,90200E,GREEN SWEETHEART BRACELET,1,2011-07-14 16:46:00,4.15,,United Kingdom
503547,84077,WORLD WAR 2 GLIDERS ASSTD DESIGNS,48,2010-04-01 14:52:00,0.21,14049,United Kingdom
528092,20981,12 PENCILS TALL TUBE WOODLAND,2,2010-10-20 13:19:00,0.85,14449,United Kingdom
550500,22131,FOOD CONTAINER SET 3 LOVE HEART ,1,2011-04-18 15:26:00,4.13,,United Kingdom
543735,22988,SOLDIERS EGG CUP ,24,2011-02-11 12:32:00,1.25,16191,United Kingdom
537643,37370,RETRO COFFEE MUGS ASSORTED,2,2010-12-07 15:34:00,16.13,,United Kingdom
C560540,23159,SET OF 5 PANCAKE DAY MAGNETS,-1,2011-07-19 12:26:00,2.08,12415,Australia
569683,22156,HEART DECORATION WITH PEARLS ,36,2011-10-05 14:39:00,0.85,15953,United Kingdom
497873,22173,METAL 4 HOOK HANGER FRENCH CHATEAU,1,2010-02-12 17:03:00,5.91,,United Kingdom
558644,C2,CARRIAGE,1,2011-07-01 10:16:00,50.0,14156,EIRE
564835,85049H,URBAN BLACK RIBBONS ,2,2011-08-30 12:31:00,0.83,,United Kingdom
574856,23393,HOME SWEET HOME CUSHION COVER ,2,2011-11-07 12:06:00,10.79,,United Kingdom
559289,21932,SCANDINAVIAN PAISLEY PICNIC BAG,3,2011-07-07 12:22:00,1.65,15719,United Kingdom
580053,23171,REGENCY TEA PLATE GREEN ,24,2011-12-01 13:03:00,1.65,12912,United Kingdom
581023,22867,HAND WARMER BIRD DESIGN,1,2011-12-07 10:35:00,4.96,,United Kingdom
543281,90214K,"LETTER ""K"" BLING KEY RING",1,2011-02-06 15:34:00,1.25,14606,United Kingdom
566726,23268,SET OF 2 CERAMIC CHRISTMAS REINDEER,3,2011-09-14 13:12:00,1.45,15021,United Kingdom
493283,M,Manual,2,2009-12-22 15:12:00,4.0,,United Kingdom
493467,90167,BEADED LOVE HEART JEWELLERY SET,12,2010-01-04 14:29:00,0.85,13004,United Kingdom
533965,22358,KINGS CHOICE TEA CADDY ,3,2010-11-19 13:06:00,5.91,,United Kingdom
539955,21481,FAWN BLUE HOT WATER BOTTLE,5,2010-12-23 12:13:00,6.77,,United Kingdom
534319,22326,ROUND SNACK BOXES SET OF4 WOODLAND ,1,2010-11-22 11:37:00,5.91,,United Kingdom
564646,47566,PARTY BUNTING,2,2011-08-26 13:39:00,15.79,,United Kingdom
C567716,22625,RED KITCHEN SCALES,-1,2011-09-22 10:16:00,8.5,14543,United Kingdom
551820,22993,SET OF 4 PANTRY JELLY MOULDS,24,2011-05-04 12:11:00,1.25,12645,Germany
568243,21411,GINGHAM HEART  DOORSTOP RED,3,2011-09-26 12:12:00,4.25,14217,United Kingdom
570087,82583,HOT BATHS METAL SIGN,2,2011-10-07 11:26:00,4.96,,United Kingdom
554961,20828,GLITTER BUTTERFLY CLIPS,1,2011-05-27 15:19:00,4.96,,United Kingdom
537237,22081,RIBBON REEL FLORA + FAUNA ,1,2010-12-06 09:58:00,3.36,,United Kingdom
536272,20685,DOORMAT RED RETROSPOT,2,2010-11-30 16:01:00,7.95,15867,United Kingdom
497742,72760B,VINTAGE CREAM 3 BASKET CAKE STAND,16,2010-02-12 10:45:00,8.49,16029,United Kingdom
576339,21905,MORE BUTTER METAL SIGN ,1,2011-11-14 15:27:00,1.63,14096,United Kingdom
554968,22666,RECIPE BOX PANTRY YELLOW DESIGN,1,2011-05-27 16:24:00,2.95,17961,United Kingdom
576098,22139,RETROSPOT TEA SET CERAMIC 11 PC ,6,2011-11-14 10:01:00,4.95,14862,United Kingdom
C550174,23004,TRAVEL CARD WALLET PANTRY,-6,2011-04-14 17:07:00,0.42,16394,United Kingdom
529265,21945,STRAWBERRIES  DESIGN FLANNEL ,12,2010-10-27 11:45:00,0.85,17473,United Kingdom
507178,21559,STRAWBERRY LUNCH BOX WITH CUTLERY,60,2010-05-06 15:17:00,2.1,14646,Netherlands
570818,84510A,SET OF 4 ENGLISH ROSE COASTERS,1,2011-10-12 12:47:00,1.25,17841,United Kingdom
520500,21564,PINK  HEART SHAPE LOVE BUCKET ,1,2010-08-26 12:35:00,5.91,,United Kingdom
580983,22899,CHILDREN'S APRON DOLLY GIRL ,1,2011-12-06 16:26:00,4.13,,United Kingdom
C507486,20703,BLUE PADDED SOFT MOBILE,-3,2010-05-10 11:58:00,4.25,12474,Germany
540351,22644,CERAMIC CHERRY CAKE MONEY BANK,12,2011-01-06 14:26:00,1.45,12735,France
516856,21239,PINK  SPOTTY CUP,1,2010-07-23 12:02:00,0.85,,United Kingdom
497013,84857A,,-2,2010-02-05 12:37:00,0.0,,United Kingdom
562339,23198,PANTRY MAGNETIC  SHOPPING LIST,4,2011-08-04 11:59:00,1.45,13571,United Kingdom
534154,85231B,CINAMMON SET OF 9 T-LIGHTS,1,2010-11-21 12:29:00,0.85,16007,United Kingdom
490953,82578,KITCHEN METAL SIGN,12,2009-12-08 14:56:00,0.55,13204,United Kingdom
561802,23076,ICE CREAM SUNDAE LIP GLOSS,48,2011-07-29 14:29:00,1.25,12748,United Kingdom
C540391,22274,FELTCRAFT DOLL EMILY,-1,2011-01-06 18:02:00,2.95,13047,United Kingdom
575947,84997a,CHILDRENS CUTLERY POLKADOT GREEN ,2,2011-11-13 11:50:00,8.29,,United Kingdom
575932,82482,WOODEN PICTURE FRAME WHITE FINISH,3,2011-11-13 10:35:00,2.95,16923,United Kingdom
509951,DOT,DOTCOM POSTAGE,1,2010-05-26 12:46:00,33.32,,United Kingdom
580469,22123,PING MICROWAVE APRON,1,2011-12-04 12:32:00,0.79,14583,United Kingdom
496690,22265,EASTER DECORATION NATURAL CHICK,6,2010-02-03 13:09:00,0.65,14399,United Kingdom
526846,22726,ALARM CLOCK BAKELIKE GREEN,4,2010-10-13 12:22:00,3.75,13319,United Kingdom
C505444,22157,ANGEL DECORATION WITH LACE PADDED,-48,2010-04-22 10:57:00,0.85,13089,United Kingdom
538007,21894,POTTING SHED SEED ENVELOPES,12,2010-12-09 12:16:00,1.25,14355,United Kingdom
519656,84997C,BLUE 3 PIECE MINI DOTS CUTLERY SET,6,2010-08-19 10:58:00,3.75,12647,Germany
538558,85199S,SMALL HANGING IVORY/RED WOOD BIRD,4,2010-12-13 10:58:00,0.42,13069,United Kingdom
561803,22434,BALLOON PUMP WITH 10 BALLOONS,8,2011-07-29 14:39:00,1.95,17926,United Kingdom
510325,47568,ENGLISH ROSE DESIGN PEG BAG,6,2010-05-28 12:52:00,2.1,14395,United Kingdom
559466,21931,JUMBO STORAGE BAG SUKI,10,2011-07-08 13:31:00,2.08,15679,United Kingdom
C493856,79323LP,LIGHT PINK CHERRY LIGHTS,-3,2010-01-07 16:10:00,5.45,13089,United Kingdom
578074,23247,BISCUIT TIN 50'S CHRISTMAS,2,2011-11-22 16:06:00,2.89,17590,United Kingdom
539631,22740,POLKADOT PEN,2,2010-12-20 15:03:00,1.66,,United Kingdom
572549,20772,GARDEN PATH JOURNAL,2,2011-10-24 17:03:00,4.96,,United Kingdom
541370,22386,JUMBO BAG PINK POLKADOT,10,2011-01-17 14:51:00,1.95,18179,United Kingdom
550351,84970L,SINGLE HEART ZINC T-LIGHT HOLDER,12,2011-04-18 10:20:00,0.95,15491,United Kingdom
559052,90118,PINK DAISY BAG CHARM,1,2011-07-05 16:53:00,2.46,,United Kingdom
525410,22818,CARD CHRISTMAS VILLAGE,12,2010-10-05 12:37:00,0.42,16393,United Kingdom
541801,21985,PACK OF 12 HEARTS DESIGN TISSUES ,24,2011-01-21 14:39:00,0.29,15235,United Kingdom
519395,21507,"ELEPHANT, BIRTHDAY CARD, ",24,2010-08-16 15:31:00,0.42,14379,United Kingdom
C543766,22943,CHRISTMAS LIGHTS 10 VINTAGE BAUBLES,-1,2011-02-11 15:18:00,4.25,13319,United Kingdom
494013,70007,HI TEC ALPINE HAND WARMER,1,2010-01-11 09:32:00,1.7,,United Kingdom
543990,22384,LUNCH BAG PINK POLKADOT,10,2011-02-15 09:59:00,1.65,15122,United Kingdom
553189,23061,VINTAGE EMBOSSED HEART,6,2011-05-15 13:14:00,1.25,15033,United Kingdom
502922,22482,BLUE TEA TOWEL CLASSIC DESIGN,1,2010-03-29 14:04:00,1.25,18041,United Kingdom
537255,22113,GREY HEART HOT WATER BOTTLE,4,2010-12-06 11:03:00,3.75,14443,United Kingdom
C495012,21240,BLUE  SPOTTY CUP,-1,2010-01-20 13:03:00,0.85,15311,United Kingdom
555852,22192,BLUE DINER WALL CLOCK,2,2011-06-07 13:38:00,8.5,17429,United Kingdom
550515,22227,HANGING HEART MIRROR DECORATION ,2,2011-04-18 17:29:00,0.65,14502,United Kingdom
543467,22310,IVORY KNITTED MUG COSY ,1,2011-02-08 14:35:00,3.29,,United Kingdom
545999,22766,PHOTO FRAME CORNICE,8,2011-03-08 14:44:00,2.95,13089,United Kingdom
518936,82072,,1,2010-08-12 14:45:00,0.0,,United Kingdom
540538,22212,FOUR HOOK  WHITE LOVEBIRDS,1,2011-01-09 14:36:00,2.1,17841,United Kingdom
C517887,22423,REGENCY CAKESTAND 3 TIER,-1,2010-08-03 08:55:00,12.75,16094,United Kingdom
530818,22841,ROUND CAKE TIN VINTAGE GREEN,2,2010-11-04 13:14:00,7.95,13772,United Kingdom
566076,22191,IVORY DINER WALL CLOCK,6,2011-09-09 09:13:00,8.5,12449,Belgium
538154,DOT,DOTCOM POSTAGE,1,2010-12-09 16:35:00,85.79,,United Kingdom
507453,47581B,FAIRY CAKE WICKER PICNIC BASKET ,2,2010-05-10 10:11:00,12.75,15674,United Kingdom
572484,23566,EGG CUP MILKMAID HEIDI,4,2011-10-24 13:50:00,1.25,17220,United Kingdom
501306,35811A,ENAMEL PINK SUGAR CONTAINER,1,2010-03-15 17:29:00,4.21,,United Kingdom
496882,20727,LUNCH BAG  BLACK SKULL.,1,2010-02-04 14:13:00,1.65,15167,United Kingdom
C510515,20725,LUNCH BAG RED SPOTTY,-1,2010-06-01 12:56:00,1.45,14680,United Kingdom
579512,23211,RED ROCKING HORSE HAND PAINTED,1,2011-11-29 16:47:00,2.46,,United Kingdom
568040,22904,CALENDAR PAPER CUT DESIGN,6,2011-09-23 12:09:00,2.95,12681,France
580730,21901,"KEY FOB , BACK DOOR ",1,2011-12-05 17:28:00,1.63,,United Kingdom
540413,22457,NATURAL SLATE HEART CHALKBOARD ,6,2011-01-07 10:29:00,2.95,15194,United Kingdom
556926,21381,MINI WOODEN HAPPY BIRTHDAY GARLAND,1,2011-06-15 14:26:00,1.69,16324,United Kingdom
496007,85232B,SET/3 RUSSIAN DOLL STACKING TINS,3,2010-01-28 12:32:00,4.95,15203,United Kingdom
493873,21535,RETRO SPOT SMALL MILK JUG,6,2010-01-07 18:34:00,2.55,13711,United Kingdom
C495076,22065,CHRISTMAS PUDDING TRINKET POT ,-1,2010-01-21 09:19:00,1.45,16150,United Kingdom
524267,21063,PARTY INVITES JAZZ HEARTS,12,2010-09-28 11:44:00,0.85,17364,United Kingdom
546117,21547,CERAMIC BIRDHOUSE CRESTED TIT SMALL,3,2011-03-09 13:56:00,2.95,16771,United Kingdom
510824,POST,POSTAGE,1,2010-06-03 19:57:00,15.0,12643,France
543451,22771,CLEAR DRAWER KNOB ACRYLIC EDWARDIAN,14,2011-02-08 12:13:00,2.46,,United Kingdom
557298,47566,PARTY BUNTING,8,2011-06-19 13:55:00,4.95,17519,United Kingdom
542084,84997C,BLUE 3 PIECE POLKADOT CUTLERY SET,24,2011-01-25 12:31:00,3.75,14680,United Kingdom
525928,84596B,SMALL DOLLY MIX DESIGN ORANGE BOWL,1,2010-10-07 16:48:00,1.25,16072,United Kingdom
C580821,84949,SILVER HANGING T-LIGHT HOLDER,-5,2011-12-06 11:32:00,1.45,13098,United Kingdom
538069,22988,SOLDIERS EGG CUP ,6,2010-12-09 14:08:00,1.25,16795,United Kingdom
571183,85116,BLACK CANDELABRA T-LIGHT HOLDER,3,2011-10-14 11:08:00,0.65,14796,United Kingdom
550193,22796,PHOTO FRAME 3 CLASSIC HANGING,4,2011-04-15 09:27:00,9.95,13952,United Kingdom
559693,22421,LIPSTICK PEN FUSCHIA,1,2011-07-11 16:21:00,0.83,,United Kingdom
490013,22333,RETRO SPORT PARTY BAG + STICKER SET,8,2009-12-03 12:27:00,1.65,17069,United Kingdom
561926,22966,GINGERBREAD MAN COOKIE CUTTER,12,2011-08-01 12:48:00,1.25,12749,United Kingdom
569261,23079,TOADSTOOL BEDSIDE LIGHT ,1,2011-10-03 11:34:00,8.95,17321,United Kingdom
537200,22076,6 RIBBONS EMPIRE  ,2,2010-12-05 14:17:00,1.65,15867,United Kingdom
574896,23326,HANGING MINI COLOURED BOTTLES,6,2011-11-07 14:51:00,0.63,17014,United Kingdom
508854,DOT,DOTCOM POSTAGE,1,2010-05-18 15:13:00,125.99,,United Kingdom
567668,79190A,RETRO PLASTIC 70'S TRAY,1,2011-09-21 15:29:00,0.83,,United Kingdom
514841,21977,PACK OF 60 PINK PAISLEY CAKE CASES,24,2010-07-06 15:05:00,0.55,12749,United Kingdom
567626,21790,VINTAGE SNAP CARDS,4,2011-09-21 12:56:00,0.85,15311,United Kingdom
530844,21231,SWEETHEART CERAMIC TRINKET BOX,12,2010-11-04 14:21:00,1.25,16350,United Kingdom
548858,22780,LIGHT GARLAND BUTTERFILES PINK,4,2011-04-04 13:29:00,4.25,14911,EIRE
492414,21100,CHARLIE AND LOLA CHARLOTTE BAG,1,2009-12-16 17:01:00,3.43,,United Kingdom
567889,84832,ZINC WILLIE WINKIE  CANDLE STICK,48,2011-09-22 15:39:00,0.85,16633,United Kingdom
491207,84880,WHITE WIRE EGG HOLDER,2,2009-12-10 14:13:00,5.95,17884,United Kingdom
543450,21086,SET/6 RED SPOTTY PAPER CUPS,5,2011-02-08 12:12:00,1.63,,United Kingdom
523998,21035,SET/2 RED RETROSPOT TEA TOWELS ,3,2010-09-26 15:46:00,2.95,13118,United Kingdom
522029,20750,RED/WHITE DOT MINI CASES,4,2010-09-10 12:05:00,7.95,12474,Germany
512554,37503,TEA TIME CAKE STAND IN GIFT BOX,2,2010-06-16 14:01:00,10.75,15005,United Kingdom
491147,85226A,WHITE/BLUE PULL BACK RACING CAR,2,2009-12-09 17:27:00,0.55,14710,United Kingdom
535777,22659,LUNCH BOX I LOVE LONDON,8,2010-11-28 13:43:00,1.95,13735,United Kingdom
513801,22386,JUMBO BAG PINK WITH WHITE SPOTS,10,2010-06-29 08:28:00,1.95,13577,United Kingdom
509615,22029,SPACEBOY BIRTHDAY CARD,12,2010-05-25 09:34:00,0.42,12802,Netherlands
540418,DOT,DOTCOM POSTAGE,1,2011-01-07 11:04:00,369.95,,United Kingdom
519714,20681,PINK SPOTTY CHILDS UMBRELLA,12,2010-08-19 15:45:00,3.25,17829,United Arab Emirates
537372,48185,DOORMAT FAIRY CAKE,1,2010-12-06 12:52:00,7.95,16919,United Kingdom
527520,22086,PAPER CHAIN KIT 50'S CHRISTMAS ,5,2010-10-18 13:18:00,5.91,,United Kingdom
580808,23295,SET OF 12 MINI LOAF BAKING CASES,8,2011-12-06 11:24:00,0.83,16133,United Kingdom
551663,84548,,-70,2011-05-03 12:34:00,0.0,,United Kingdom
558993,22728,ALARM CLOCK BAKELIKE PINK,4,2011-07-05 11:49:00,3.75,16729,United Kingdom
490526,84837,WHITE SWEETHEARTS CABINET 4 DRAWERS,2,2009-12-06 15:41:00,12.75,17858,United Kingdom
501836,47566B,TEA TIME PARTY BUNTING,6,2010-03-19 17:03:00,4.65,15808,United Kingdom
543652,20674,GREEN POLKADOT BOWL,8,2011-02-11 10:15:00,1.25,15544,United Kingdom
503365,48187,DOOR MAT NEW ENGLAND,1,2010-03-31 14:18:00,7.49,13219,United Kingdom
498921,48129,DOOR MAT TOPIARY,2,2010-02-24 09:24:00,7.49,14911,EIRE
C549049,22087,PAPER BUNTING WHITE LACE,-1,2011-04-06 10:15:00,2.55,17677,United Kingdom
572074,22910,PAPER CHAIN KIT VINTAGE CHRISTMAS,2,2011-10-20 13:54:00,2.95,16284,United Kingdom
512902,22083,PAPER CHAIN KIT RETRO SPOT,18,2010-06-18 13:22:00,2.95,12412,Denmark
557849,23301,GARDENERS KNEELING PAD KEEP CALM ,12,2011-06-23 10:52:00,1.65,17613,United Kingdom
492529,21430,SET/3 RED GINGHAM ROSE STORAGE BOX,1,2009-12-17 12:46:00,3.75,17377,United Kingdom
569494,23101,SILVER STARS TABLE DECORATION,72,2011-10-04 13:42:00,0.72,15739,United Kingdom
557263,20726,LUNCH BAG WOODLAND,100,2011-06-19 11:08:00,1.45,14646,Netherlands
535102,22153,ANGEL DECORATION STARS ON DRESS,10,2010-11-25 11:00:00,0.42,17996,United Kingdom
532423,POST,POSTAGE,1,2010-11-12 09:50:00,15.0,12402,Belgium
510427,90185D,CRYSTAL DIAMANTE EXPANDABLE RING,6,2010-05-30 12:44:00,4.25,16934,United Kingdom
509009,84990,,1,2010-05-19 13:30:00,0.0,,United Kingdom
524601,21974,SET OF 36 PAISLEY FLOWER DOILIES,12,2010-09-29 16:46:00,1.45,12661,Sweden
537429,22532,MAGIC DRAWING SLATE LEAP FROG ,1,2010-12-06 15:54:00,0.42,12748,United Kingdom
513620,21381,MINI WOODEN HAPPY BIRTHDAY GARLAND,4,2010-06-27 12:51:00,1.69,14532,United Kingdom
579446,22745,POPPY'S PLAYHOUSE BEDROOM ,6,2011-11-29 13:43:00,2.1,14121,United Kingdom
528384,22748,POPPY'S PLAYHOUSE KITCHEN,1,2010-10-21 18:27:00,2.1,14686,United Kingdom
573512,23319,BOX OF 6 MINI 50'S CRACKERS,12,2011-10-31 12:30:00,2.49,17951,United Kingdom
492448,72802A,ROSE SCENT CANDLE IN JEWELLED BOX,6,2009-12-17 11:24:00,4.25,17243,United Kingdom
527043,21213,PACK OF 72 SKULL CAKE CASES,2,2010-10-14 12:32:00,0.55,18090,United Kingdom
541497,22322,BIRD DECORATION GREEN POLKADOT,10,2011-01-18 15:19:00,0.79,,United Kingdom
565541,20724,RED RETROSPOT CHARLOTTE BAG,2,2011-09-05 12:00:00,0.85,14159,United Kingdom
520847,82484,WOOD BLACK BOARD ANT WHITE FINISH,1,2010-08-31 12:48:00,6.45,16791,United Kingdom
518934,79029,,2,2010-08-12 14:44:00,0.0,,United Kingdom
C505384,85123A,WHITE HANGING HEART T-LIGHT HOLDER,-6,2010-04-22 09:18:00,2.95,17113,United Kingdom
556198,22898,CHILDRENS APRON APPLES DESIGN,3,2011-06-09 12:30:00,1.95,14963,United Kingdom
566060,20774,GREEN FERN NOTEBOOK,1,2011-09-08 15:27:00,1.63,,United Kingdom
536353,22149,FELTCRAFT 6 FLOWER FRIENDS,18,2010-11-30 17:43:00,2.1,17160,United Kingdom
564825,84968A,SET OF 16 VINTAGE ROSE CUTLERY,1,2011-08-30 12:26:00,24.96,,United Kingdom
C565962,21156,RETROSPOT CHILDRENS APRON,-1,2011-09-08 11:25:00,1.95,14410,United Kingdom
C511518,15056N,EDWARDIAN PARASOL NATURAL,-1,2010-06-08 16:25:00,5.95,13503,United Kingdom
C505722,90002D,FLOWER BURST SILVER RING CRYSTAL,-2,2010-04-25 13:44:00,3.75,17550,United Kingdom
554857,POST,,800,2011-05-27 10:08:00,0.0,,United Kingdom
553411,22984,CARD GINGHAM ROSE ,12,2011-05-17 09:28:00,0.42,12714,France
537240,22106,MIRROR MOSAIC HURRICANE LAMP ,1,2010-12-06 10:08:00,5.06,,United Kingdom
543309,21161,KEEP OUT BOYS DOOR HANGER ,1,2011-02-07 12:05:00,1.45,18118,United Kingdom
573483,21314,SMALL GLASS HEART TRINKET POT,24,2011-10-31 11:32:00,2.1,15793,United Kingdom
525017,21135,VICTORIAN  METAL POSTCARD SPRING,8,2010-10-03 11:35:00,1.69,13014,United Kingdom
558045,22621,TRADITIONAL KNITTING NANCY,12,2011-06-24 13:35:00,1.65,12615,France
519610,21989,PACK OF 20 SKULL PAPER NAPKINS,3,2010-08-18 16:54:00,0.85,15494,United Kingdom
530139,22650,CERAMIC PIRATE CHEST MONEY BANK,12,2010-11-01 16:24:00,1.45,14426,United Kingdom
559656,47504K,ENGLISH ROSE GARDEN SECATEURS,12,2011-07-11 12:57:00,0.79,13675,United Kingdom
494379,84975,HEART SHAPED MIRROR,1,2010-01-13 17:08:00,3.36,,United Kingdom
536544,20669,RED HEART LUGGAGE TAG,1,2010-12-01 14:32:00,2.51,,United Kingdom
536862,21658,GLASS  BEURRE DISH,2,2010-12-03 11:13:00,8.47,,United Kingdom
537643,84969,BOX OF 6 ASSORTED COLOUR TEASPOONS,3,2010-12-07 15:34:00,8.47,,United Kingdom
549729,84944,SET OF 6 KASHMIR FOLKART BAUBLES,1,2011-04-11 16:17:00,4.25,13634,United Kingdom
561201,22749,FELTCRAFT PRINCESS CHARLOTTE DOLL,2,2011-07-25 15:08:00,3.75,14692,United Kingdom
577893,23360,SET 8 CANDLES VINTAGE DOILY,2,2011-11-22 11:47:00,1.95,17073,United Kingdom
C559347,M,Manual,-1,2011-07-07 17:22:00,9.36,18072,United Kingdom
508581,72349B,SET/6 PURPLE BUTTERFLY T-LIGHTS,48,2010-05-17 11:55:00,1.69,18287,United Kingdom
516610,22582,PACK OF 6 SWEETIE GIFT BOXES,12,2010-07-21 14:41:00,2.55,13615,United Kingdom
549689,POST,POSTAGE,1,2011-04-11 13:40:00,4.95,15971,United Kingdom
499276,22412,METAL SIGN NEIGHBOURHOOD WITCH ,3,2010-02-25 18:12:00,2.1,15456,United Kingdom
564755,22591,CARDHOLDER GINGHAM CHRISTMAS TREE,3,2011-08-30 10:31:00,6.63,,United Kingdom
525995,21584,RETROSPOT SMALL TUBE MATCHES,1,2010-10-08 11:31:00,1.65,17196,United Kingdom
575477,22386,JUMBO BAG PINK POLKADOT,4,2011-11-09 16:14:00,4.13,,United Kingdom
493667,20888,SET 3 JARDIN DE FEMME SCENT CANDLES,24,2010-01-05 12:13:00,1.25,13253,United Kingdom
C494992,22135,LADLE LOVE HEART PINK,-12,2010-01-20 12:04:00,0.42,14290,United Kingdom
520363,84828,JUNGLE POPSICLES ICE LOLLY HOLDERS,1,2010-08-25 14:04:00,2.51,,United Kingdom
519359,85124A,damaged,-26,2010-08-16 12:47:00,0.0,,United Kingdom
578258,21872,GLAMOROUS  MUG,2,2011-11-23 13:01:00,1.25,13263,United Kingdom
493961,47590B,PINK HAPPY BIRTHDAY BUNTING,1,2010-01-08 15:16:00,5.45,17841,United Kingdom
567709,22138,BAKING SET 9 PIECE RETROSPOT ,3,2011-09-22 09:53:00,4.95,15239,United Kingdom
539676,22396,MAGNETS PACK OF 4 RETRO PHOTO,24,2010-12-21 10:54:00,0.42,12423,Belgium
565779,21982,PACK OF 12 SUKI TISSUES ,24,2011-09-06 15:14:00,0.39,15804,United Kingdom
509647,15058A,BLUE WHITE SPOTS GARDEN PARASOL,10,2010-05-25 11:41:00,3.95,14527,United Kingdom
501307,84978,HANGING HEART JAR T-LIGHT HOLDER,1,2010-03-15 17:32:00,2.51,,United Kingdom
C504350,20979,36 PENCILS TUBE RED SPOTTY,-128,2010-04-13 09:52:00,1.06,14156,EIRE
528356,22027,TEA PARTY BIRTHDAY CARD,12,2010-10-21 14:55:00,0.42,12877,United Kingdom
531470,21349,IVY HEART WREATH,4,2010-11-08 14:05:00,6.75,15641,United Kingdom
535951,DOT,DOTCOM POSTAGE,1,2010-11-29 12:06:00,194.17,,United Kingdom
537154,21559,STRAWBERRY LUNCH BOX WITH CUTLERY,4,2010-12-05 13:05:00,2.55,15808,United Kingdom
C569985,20727,LUNCH BAG  BLACK SKULL.,-10,2011-10-06 19:51:00,1.65,15365,United Kingdom
547850,22266,EASTER DECORATION HANGING BUNNY,4,2011-03-27 12:06:00,0.65,14472,United Kingdom
575490,20759,CHRYSANTHEMUM POCKET BOOK ,3,2011-11-09 17:44:00,0.85,15031,United Kingdom
561455,22699,ROSES REGENCY TEACUP AND SAUCER ,12,2011-07-27 11:58:00,2.95,15095,United Kingdom
555744,35965,FOLKART HEART NAPKIN RINGS,24,2011-06-07 10:44:00,0.79,18072,United Kingdom
C569034,23110,PARISIENNE KEY CABINET ,-1,2011-09-30 10:42:00,5.75,16240,United Kingdom
504704,21670,BLUE SPOT CERAMIC DRAWER KNOB,6,2010-04-15 19:22:00,1.25,15031,United Kingdom
509936,DOT,DOTCOM POSTAGE,1,2010-05-26 12:38:00,21.57,,United Kingdom
574040,21535,RED RETROSPOT SMALL MILK JUG,1,2011-11-02 13:01:00,2.55,14974,United Kingdom
569007,21912,VINTAGE SNAKES & LADDERS,4,2011-09-29 18:51:00,3.75,17552,United Kingdom
533767,85049G,CHOCOLATE BOX RIBBONS ,24,2010-11-18 15:29:00,1.25,18225,United Kingdom
557636,84968A,SET OF 16 VINTAGE ROSE CUTLERY,1,2011-06-21 15:41:00,12.75,17841,United Kingdom
536862,22200,FRYING PAN PINK POLKADOT,1,2010-12-03 11:13:00,8.47,,United Kingdom
C525954,21244,BLUE POLKADOT PLATE ,-1,2010-10-07 19:27:00,1.69,12472,Germany
496407,21478,SILVER SKULL HOT WATER BOTTLE ,6,2010-02-01 12:01:00,3.75,15527,United Kingdom
579539,23175,REGENCY MILK JUG PINK ,4,2011-11-30 10:06:00,3.25,14911,EIRE
512946,22109,FULL ENGLISH BREAKFAST PLATE,6,2010-06-20 15:32:00,3.75,17625,United Kingdom
545664,POST,POSTAGE,3,2011-03-04 15:15:00,28.0,12584,Italy
C518845,71459,HANGING JAM JAR T-LIGHT HOLDER,-8,2010-08-12 11:19:00,0.85,17730,United Kingdom
537458,22867,HAND WARMER BIRD DESIGN,12,2010-12-07 09:55:00,2.1,17091,United Kingdom
494384,20752,RETRO BLUE SPOTTY WASHING UP GLOVES,6,2010-01-14 08:30:00,2.1,16304,United Kingdom
538197,22747,POPPY'S PLAYHOUSE BATHROOM,3,2010-12-10 10:56:00,2.1,14419,United Kingdom
C538804,84945,MULTI COLOUR SILVER T-LIGHT HOLDER,-2,2010-12-14 11:56:00,0.85,13769,United Kingdom
495150,85062,PEARL CRYSTAL PUMPKIN T-LIGHT HLDR,6,2010-01-21 11:51:00,1.65,14714,United Kingdom
549983,22449,SILK PURSE BABUSHKA PINK,1,2011-04-13 15:55:00,3.35,16348,United Kingdom
502444,21379,CAMPHOR WOOD PORTOBELLO MUSHROOM,2,2010-03-24 13:30:00,1.25,14729,United Kingdom
526089,22040,BOTANICAL ROSE GIFT WRAP,25,2010-10-08 12:14:00,0.42,15281,United Kingdom
537743,22800,ANTIQUE TALL SWIRLGLASS TRINKET POT,4,2010-12-08 11:02:00,3.75,17706,United Kingdom
564750,22848,BREAD BIN DINER STYLE PINK,1,2011-08-30 09:36:00,16.95,17690,United Kingdom
516610,20770,ABSTRACT CIRCLE JOURNAL ,6,2010-07-21 14:41:00,2.55,13615,United Kingdom
501922,22119,PEACE WOODEN BLOCK LETTERS,1,2010-03-22 10:26:00,6.95,13151,United Kingdom
562129,85099B,JUMBO BAG RED RETROSPOT,10,2011-08-03 09:09:00,2.08,13186,United Kingdom
547995,35823P,,-12,2011-03-29 10:20:00,0.0,,United Kingdom
540372,22936,BAKING MOULD ROSE WHITE CHOCOLATE,6,2011-01-06 16:41:00,3.25,13081,United Kingdom
554940,POST,POSTAGE,2,2011-05-27 13:49:00,18.0,12494,France
580729,23243,SET OF TEA COFFEE SUGAR TINS PANTRY,1,2011-12-05 17:24:00,10.79,,United Kingdom
C548469,22627,MINT KITCHEN SCALES,-1,2011-03-31 12:32:00,0.76,14543,United Kingdom
537434,21641,ASSORTED TUTTI FRUTTI KEYRING BALL,4,2010-12-06 16:57:00,1.66,,United Kingdom
542503,20727,LUNCH BAG  BLACK SKULL.,10,2011-01-28 11:58:00,1.65,16327,United Kingdom
521097,M,Manual,1,2010-09-02 10:37:00,1055.75,12589,France
572475,23190,BUNDLE OF 3 SCHOOL EXERCISE BOOKS  ,1,2011-10-24 13:37:00,1.65,15271,United Kingdom
538849,84849A,HELLO SAILOR BLUE SOAP HOLDER,4,2010-12-14 13:31:00,1.69,14415,United Kingdom
553842,20728,LUNCH BAG CARS BLUE,10,2011-05-19 12:24:00,1.65,12524,Germany
504339,82484,WOOD BLACK BOARD ANT WHITE FINISH,6,2010-04-12 16:44:00,6.45,16705,United Kingdom
573632,23355,HOT WATER BOTTLE KEEP CALM,4,2011-10-31 15:36:00,4.95,15329,United Kingdom
C542060,21936,RED RETROSPOT PICNIC BAG,-1,2011-01-25 12:01:00,2.95,14680,United Kingdom
535953,21166,COOK WITH WINE METAL SIGN ,2,2010-11-29 12:13:00,1.95,15039,United Kingdom
555340,22349,DOG BOWL CHASING BALL DESIGN,2,2011-06-02 11:33:00,3.75,13334,United Kingdom
574869,POST,POSTAGE,1,2011-11-07 12:44:00,18.0,12708,Germany
560856,23079,TOADSTOOL BEDSIDE LIGHT ,2,2011-07-21 13:06:00,8.95,16607,United Kingdom
506566,21439,BASKET OF TOADSTOOLS,6,2010-04-30 12:46:00,1.25,14648,United Kingdom
C562618,22637,PIGGY BANK RETROSPOT ,-1,2011-08-08 12:32:00,2.55,13186,United Kingdom
522943,84380,SET OF 3 BUTTERFLY COOKIE CUTTERS,12,2010-09-17 15:51:00,1.25,12543,Spain
C515155,22385,JUMBO BAG SPACEBOY DESIGN,-2,2010-07-08 15:14:00,1.95,13564,United Kingdom
506900,20983,12 PENCILS TALL TUBE RED SPOTTY,12,2010-05-05 09:43:00,0.85,14175,United Kingdom
581238,22166,WALL MIRROR RECTANGLE DIAMANTE PINK,1,2011-12-08 10:53:00,15.79,,United Kingdom
562093,85099B,JUMBO BAG RED RETROSPOT,20,2011-08-02 12:59:00,1.79,13777,United Kingdom
572758,21166,COOK WITH WINE METAL SIGN ,1,2011-10-25 18:39:00,4.13,,United Kingdom
498513,21380,WOODEN HAPPY BIRTHDAY GARLAND,6,2010-02-19 12:07:00,2.95,17145,United Kingdom
537237,22081,RIBBON REEL FLORA + FAUNA ,1,2010-12-06 09:58:00,3.36,,United Kingdom
567968,POST,POSTAGE,3,2011-09-23 09:44:00,28.0,12546,Spain
496361,16161E,WRAP BOUDOIR ,25,2010-02-01 10:20:00,0.1,17969,United Kingdom
542098,22258,FELT FARM ANIMAL RABBIT,12,2011-01-25 13:04:00,1.25,16531,United Kingdom
503217,22568,FELTCRAFT CUSHION OWL,1,2010-03-30 16:17:00,3.75,18002,United Kingdom
511000,DOT,DOTCOM POSTAGE,1,2010-06-04 14:44:00,9.96,,United Kingdom
511122,21955,DOOR MAT UNION JACK GUNS AND ROSES,1,2010-06-07 10:54:00,13.57,,United Kingdom
569983,22535,MAGIC DRAWING SLATE BUNNIES ,4,2011-10-06 19:49:00,0.42,17231,United Kingdom
C529352,85123A,WHITE HANGING HEART T-LIGHT HOLDER,-320,2010-10-28 09:32:00,2.55,17450,United Kingdom
534481,84625D,,-30,2010-11-23 10:47:00,0.0,,United Kingdom
569652,23321,SMALL WHITE HEART OF WICKER,12,2011-10-05 12:51:00,1.65,15628,United Kingdom
544323,20969,RED FLORAL FELTCRAFT SHOULDER BAG,1,2011-02-17 15:51:00,7.46,,United Kingdom
554960,DOT,DOTCOM POSTAGE,1,2011-05-27 15:18:00,148.75,,United Kingdom
557885,20665,RED RETROSPOT PURSE ,6,2011-06-23 13:37:00,2.95,12465,Belgium
527349,22645,CERAMIC HEART FAIRY CAKE MONEY BANK,12,2010-10-15 16:00:00,1.45,16232,United Kingdom
505723,21900,"KEY FOB , SHED",3,2010-04-25 13:48:00,0.65,17146,United Kingdom
504936,21314,SMALL GLASS HEART TRINKET POT,2,2010-04-19 11:23:00,4.21,,United Kingdom
537434,20754,RETROSPOT RED WASHING UP GLOVES,1,2010-12-06 16:57:00,4.21,,United Kingdom
506399,85099F,JUMBO BAG STRAWBERRY,10,2010-04-29 13:32:00,1.95,13969,United Kingdom
531123,22423,REGENCY CAKESTAND 3 TIER,6,2010-11-05 13:03:00,12.75,14911,EIRE
538071,20668,DISCO BALL CHRISTMAS DECORATION,1,2010-12-09 14:09:00,0.43,,United Kingdom
536864,21481,FAWN BLUE HOT WATER BOTTLE,1,2010-12-03 11:27:00,6.77,,United Kingdom
497371,22353,LUNCHBOX WITH CUTLERY FAIRY CAKES ,6,2010-02-09 10:24:00,2.55,12471,Germany
531382,21166,COOK WITH WINE METAL SIGN ,4,2010-11-07 16:29:00,1.95,16549,United Kingdom
507705,21136,PAINTED METAL PEARS ASSORTED,80,2010-05-11 11:07:00,1.69,13695,United Kingdom
541827,22259,FELT FARM ANIMAL HEN,1,2011-01-21 17:05:00,0.83,,United Kingdom
C504684,M,Manual,-1,2010-04-15 16:12:00,94.8,15354,United Kingdom
540953,22508,DOORSTOP RETROSPOT HEART,2,2011-01-12 13:16:00,3.75,14587,United Kingdom
501011,21781,MA CAMPAGNE CUTLERY BOX,4,2010-03-11 15:36:00,14.95,15768,United Kingdom
544924,82482,WOODEN PICTURE FRAME WHITE FINISH,6,2011-02-24 17:18:00,2.55,13851,United Kingdom
550474,DOT,DOTCOM POSTAGE,1,2011-04-18 13:58:00,46.86,,United Kingdom
576355,22920,HERB MARKER BASIL,12,2011-11-14 16:28:00,0.65,13089,United Kingdom
543189,22432,WATERING CAN PINK BUNNY,6,2011-02-04 11:48:00,1.95,17517,United Kingdom
514842,48138,DOOR MAT UNION FLAG,2,2010-07-06 15:12:00,7.49,13491,United Kingdom
559337,23203,JUMBO BAG DOILEY PATTERNS,1,2011-07-07 16:27:00,4.13,,United Kingdom
575152,23215,JINGLE BELL HEART ANTIQUE SILVER,8,2011-11-08 16:12:00,2.08,16284,United Kingdom
568896,23027,DRAWER KNOB VINTAGE GLASS HEXAGON,12,2011-09-29 13:13:00,2.08,16361,United Kingdom
578018,21844,RED RETROSPOT MUG,6,2011-11-22 13:08:00,2.95,15311,United Kingdom
577502,20750,RED RETROSPOT MINI CASES,6,2011-11-20 12:34:00,7.95,12598,France
520574,85113,,3,2010-08-27 10:02:00,0.0,,United Kingdom
531778,POST,POSTAGE,1,2010-11-09 14:45:00,18.0,12437,France
529850,22749,FELTCRAFT PRINCESS CHARLOTTE DOLL,4,2010-10-31 13:35:00,3.75,16788,United Kingdom
C499161,84520D,PACK OF 20 FAIRY CAKE PAPER NAPKINS,-11,2010-02-24 17:01:00,0.85,16406,United Kingdom
502423,22027,TEA PARTY BIRTHDAY CARD,12,2010-03-24 12:23:00,0.42,15601,United Kingdom
501161,20990,SPRING FLOWER CHOPSTICKS SET/5,2,2010-03-15 09:28:00,4.21,,United Kingdom
537643,DOT,DOTCOM POSTAGE,1,2010-12-07 15:34:00,593.15,,United Kingdom
495340,35004G,SET OF 3 GOLD FLYING DUCKS,4,2010-01-22 17:31:00,6.35,14031,United Kingdom
537192,21106,CREAM SLICE FLANNEL CHOCOLATE SPOT ,2,2010-12-05 13:42:00,2.95,16402,United Kingdom
580501,21592,RETROSPOT CIGAR BOX MATCHES ,3,2011-12-04 13:00:00,0.39,14546,United Kingdom
519592,21556,CERAMIC STRAWBERRY MONEY BOX,6,2010-08-18 14:37:00,2.55,12474,Germany
563214,22383,LUNCH BAG SUKI DESIGN ,2,2011-08-14 12:56:00,1.65,16370,United Kingdom
566053,23397,FOOT STOOL HOME SWEET HOME ,1,2011-09-08 14:57:00,9.95,14410,United Kingdom
541206,21507,"ELEPHANT, BIRTHDAY CARD, ",144,2011-01-14 12:24:00,0.36,14646,Netherlands
499627,21255,,-130,2010-03-01 13:14:00,0.0,,United Kingdom
575481,22630,DOLLY GIRL LUNCH BOX,4,2011-11-09 16:28:00,1.95,15679,United Kingdom
C526523,22634,CHILDS BREAKFAST SET SPACEBOY ,-1,2010-10-12 11:16:00,9.95,,United Kingdom
C526270,21527,RED RETROSPOT TRADITIONAL TEAPOT ,-1,2010-10-11 11:12:00,6.95,14590,United Kingdom
546010,22423,damages,-19,2011-03-08 15:55:00,0.0,,United Kingdom
490100,21355,TOAST ITS - I LOVE YOU ,2,2009-12-03 16:21:00,1.25,13001,United Kingdom
574723,23470,CARD HOLDER LOVE BIRD LARGE ,4,2011-11-06 14:45:00,6.25,15150,United Kingdom
520849,85163A,WHITE BAROQUE WALL CLOCK ,1,2010-08-31 12:57:00,12.75,13863,United Kingdom
534814,21900,"KEY FOB , SHED",4,2010-11-24 12:45:00,0.65,16794,United Kingdom
559923,DOT,DOTCOM POSTAGE,1,2011-07-13 16:07:00,240.67,,United Kingdom
564635,85099C,JUMBO  BAG BAROQUE BLACK WHITE,20,2011-08-26 12:41:00,2.08,15615,United Kingdom
577141,23312,VINTAGE CHRISTMAS GIFT SACK,4,2011-11-18 09:11:00,4.15,13269,United Kingdom
538836,22470,HEART OF WICKER LARGE,1,2010-12-14 13:09:00,2.95,12748,United Kingdom
575674,22179,SET 10 NIGHT OWL LIGHTS,2,2011-11-10 15:06:00,6.75,13468,United Kingdom
505888,gift_0001_30,Dotcomgiftshop Gift Voucher £30.00,1,2010-04-26 14:14:00,25.53,,United Kingdom
C534498,22494,EMERGENCY FIRST AID TIN ,-1,2010-11-23 11:06:00,1.25,17811,United Kingdom
C529562,20778,GARDEN PATH NOTEBOOK ,-2,2010-10-28 18:12:00,1.65,14515,United Kingdom
533280,21975,PACK OF 60 DINOSAUR CAKE CASES,240,2010-11-16 15:27:00,0.42,15523,United Kingdom
516990,84795b,SUNSET CHECK HAMMOCK,1,2010-07-26 11:00:00,16.98,,United Kingdom
562960,C2,CARRIAGE,1,2011-08-11 10:22:00,50.0,14911,EIRE
581439,22514,CHILDS GARDEN SPADE BLUE,1,2011-12-08 16:30:00,4.13,,United Kingdom
C560855,22968,ROSE COTTAGE KEEPSAKE BOX ,-1,2011-07-21 13:00:00,9.95,14410,United Kingdom
C524331,22379,RECYCLING BAG RETROSPOT ,-1,2010-09-28 15:24:00,2.1,14825,United Kingdom
527252,21172,PARTY METAL SIGN ,12,2010-10-15 12:30:00,1.45,15207,United Kingdom
537422,21623,VINTAGE UNION JACK MEMOBOARD,1,2010-12-06 15:27:00,9.95,17812,United Kingdom
560875,84836,ZINC METAL HEART DECORATION,12,2011-07-21 15:12:00,1.25,13562,United Kingdom
532354,21259,VICTORIAN SEWING BOX SMALL ,24,2010-11-11 16:40:00,4.95,13316,United Kingdom
493974,21034,REX CASH+CARRY JUMBO SHOPPER,1,2010-01-10 11:12:00,0.95,16787,United Kingdom
503185,22287,"DECORATION , WOBBLY CHICKEN, METAL ",1,2010-03-30 14:29:00,3.36,,United Kingdom
502847,22450,SILK PURSE RUSSIAN DOLL BLUE,2,2010-03-28 13:47:00,3.35,14572,United Kingdom
570598,23349,ROLL WRAP VINTAGE CHRISTMAS,12,2011-10-11 11:55:00,1.25,14175,United Kingdom
569367,23536,WALL ART VILLAGE SHOW ,2,2011-10-03 15:28:00,5.95,13994,United Kingdom
557644,23090,VINTAGE GLASS T-LIGHT HOLDER,1,2011-06-21 17:06:00,1.63,,United Kingdom
581098,22083,PAPER CHAIN KIT RETROSPOT,6,2011-12-07 11:42:00,2.95,14911,EIRE
532435,22127,PARTY CONES CARNIVAL ASSORTED,12,2010-11-12 10:51:00,1.25,17076,United Kingdom
556318,20728,LUNCH BAG CARS BLUE,10,2011-06-10 10:49:00,1.65,16767,United Kingdom
535407,22945,CHRISTMAS METAL TAGS ASSORTED ,5,2010-11-26 11:20:00,11.02,,United Kingdom
559037,82583,,10,2011-07-05 15:29:00,0.0,,United Kingdom
573584,82482,WOODEN PICTURE FRAME WHITE FINISH,36,2011-10-31 14:36:00,2.55,16705,United Kingdom
513773,22424,ENAMEL BREAD BIN CREAM,2,2010-06-28 13:53:00,12.75,13831,United Kingdom
495390,22078,RIBBON REEL LACE DESIGN ,5,2010-01-24 15:23:00,2.1,17142,United Kingdom
534512,82482,WOODEN PICTURE FRAME WHITE FINISH,6,2010-11-23 11:51:00,2.55,14679,United Kingdom
C565425,23127,FELTCRAFT GIRL NICOLE KIT,-2,2011-09-04 12:40:00,4.95,15561,United Kingdom
502746,90129B,TURQUOISE GLASS TASSLE BAG CHARM ,2,2010-03-26 12:53:00,1.66,,United Kingdom
553548,75131,,-48,2011-05-17 15:57:00,0.0,,United Kingdom
510854,90199B,,-6,2010-06-04 09:36:00,0.0,,United Kingdom
C512768,79341,WILLOW BRANCH LIGHTS.,-8,2010-06-17 16:35:00,5.45,14290,United Kingdom
528176,POST,POSTAGE,3,2010-10-21 10:28:00,28.0,12725,Italy
531922,84992,72 SWEETHEART FAIRY CAKE CASES,1,2010-11-10 12:09:00,0.55,17974,United Kingdom
514184,21527,RED RETROSPOT TRADITIONAL TEAPOT ,4,2010-06-30 15:52:00,7.95,13319,United Kingdom
540642,22730,ALARM CLOCK BAKELIKE IVORY,8,2011-01-10 13:22:00,3.75,12681,France
560549,POST,POSTAGE,2,2011-07-19 12:43:00,40.0,12664,Finland
491756,37441,ASSORTED WHITE EMBOSSED CHINA MUGS,12,2009-12-14 12:18:00,2.1,15329,United Kingdom
496348,21123,SET/10 IVORY SPOTTY PARTY CANDLES,1,2010-01-31 16:02:00,1.25,15022,United Kingdom
510445,84836,ZINC METAL HEART DECORATION,2,2010-05-30 15:58:00,1.25,18069,United Kingdom
531374,84997B,RED 3 PIECE RETROSPOT CUTLERY SET,6,2010-11-07 15:50:00,3.75,13178,United Kingdom
498736,22383,LUNCH BAG SUKI  DESIGN ,6,2010-02-22 16:04:00,1.65,12748,United Kingdom
C504468,21260,FIRST AID TIN,-6,2010-04-13 17:40:00,3.25,15329,United Kingdom
518225,47591A,CAROUSEL CHILDRENS APRON,6,2010-08-05 14:35:00,1.65,,EIRE
552232,21932,SCANDINAVIAN PAISLEY PICNIC BAG,3,2011-05-06 15:54:00,2.46,,United Kingdom
571945,84378,SET OF 3 HEART COOKIE CUTTERS,60,2011-10-20 10:34:00,1.45,17354,United Kingdom
545797,21441,BLUE BIRDHOUSE DECORATION,6,2011-03-07 12:17:00,0.85,16225,United Kingdom
536638,20982,12 PENCILS TALL TUBE SKULLS,12,2010-12-02 11:41:00,0.85,16244,United Kingdom
C567691,22469,HEART OF WICKER SMALL,-17,2011-09-21 17:04:00,1.65,17567,United Kingdom
520372,21928,JUMBO BAG SCANDINAVIAN PAISLEY,10,2010-08-25 14:35:00,1.95,13534,United Kingdom
507729,72084B,,-71,2010-05-11 12:04:00,0.0,,United Kingdom
578043,23389,SPACEBOY MINI BACKPACK,4,2011-11-22 14:39:00,4.15,12474,Germany
519407,22083,PAPER CHAIN KIT RETRO SPOT,6,2010-08-17 09:47:00,2.95,15498,United Kingdom
509039,C2,CARRIAGE,1,2010-05-20 09:55:00,50.0,14156,EIRE
575985,23209,LUNCH BAG VINTAGE DOILY ,1,2011-11-13 14:09:00,1.65,17841,United Kingdom
508501,85099C,JUMBO  BAG BAROQUE BLACK WHITE,100,2010-05-16 15:39:00,1.65,13798,United Kingdom
563909,23274,STAR T-LIGHT HOLDER WILLIE WINKIE,12,2011-08-21 12:36:00,1.65,15701,United Kingdom
578933,21258,VICTORIAN SEWING BOX LARGE,6,2011-11-27 12:47:00,12.75,16923,United Kingdom
544900,22666,RECIPE BOX PANTRY YELLOW DESIGN,6,2011-02-24 12:41:00,2.95,15121,United Kingdom
548400,21992,VINTAGE PAISLEY STATIONERY SET,3,2011-03-30 17:33:00,2.95,17400,United Kingdom
579146,22602,RETROSPOT WOODEN HEART DECORATION,1,2011-11-28 13:14:00,0.85,16347,United Kingdom
C561623,23176,ABC TREASURE BOOK BOX ,-5,2011-07-28 13:43:00,2.25,17677,United Kingdom
543448,22660,DOORMAT I LOVE LONDON,1,2011-02-08 12:12:00,12.46,,United Kingdom
552326,22200,FRYING PAN PINK POLKADOT,4,2011-05-09 10:02:00,4.25,15596,United Kingdom
566952,22734,SET OF 6 RIBBONS VINTAGE CHRISTMAS,1,2011-09-15 16:37:00,5.79,,United Kingdom
503864,22353,LUNCHBOX WITH CUTLERY FAIRY CAKES ,6,2010-04-08 11:11:00,2.55,16053,United Kingdom
540995,84997B,RED 3 PIECE RETROSPOT CUTLERY SET,1,2011-01-13 09:30:00,7.46,,United Kingdom
574738,71477,COLOUR GLASS. STAR T-LIGHT HOLDER,3,2011-11-06 16:01:00,3.95,12748,United Kingdom
565381,23077,DOUGHNUT LIP GLOSS ,20,2011-09-02 15:23:00,1.25,16173,United Kingdom
575767,22971,QUEENS GUARD COFFEE MUG,3,2011-11-11 11:11:00,2.55,17348,United Kingdom
525524,85099B,JUMBO BAG RED RETROSPOT,10,2010-10-05 17:55:00,1.95,15750,United Kingdom
517124,22242,"HOOK, 5 HANGER , MAGIC TOADSTOOL",12,2010-07-27 09:38:00,1.65,12801,Sweden
C569829,D,Discount,-1,2011-10-06 12:37:00,16.07,14527,United Kingdom
570016,23314,VINTAGE CHRISTMAS TABLECLOTH,2,2011-10-07 10:06:00,12.5,14911,EIRE
527379,22153,ANGEL DECORATION STARS ON DRESS,23,2010-10-17 12:52:00,0.42,13527,United Kingdom
511481,21214,SET OF 72 IVORY PAPER DOILIES,1,2010-06-08 14:00:00,1.45,15353,United Kingdom
504097,POST,POSTAGE,2,2010-04-09 14:01:00,18.0,12613,Germany
539240,84916,HAND TOWEL PALE BLUE W FLOWERS,10,2010-12-16 13:15:00,1.25,15194,United Kingdom
574298,DOT,DOTCOM POSTAGE,1,2011-11-03 15:56:00,286.88,,United Kingdom
562717,22819,"BIRTHDAY CARD, RETRO SPOT",1,2011-08-08 15:42:00,0.83,,United Kingdom
576391,23208,LUNCH BAG VINTAGE LEAF DESIGN,3,2011-11-15 10:13:00,4.96,,United Kingdom
580730,22178,VICTORIAN GLASS HANGING T-LIGHT,4,2011-12-05 17:28:00,2.46,,United Kingdom
574481,23354,6 GIFT TAGS 50'S CHRISTMAS ,1,2011-11-04 12:45:00,0.83,18022,United Kingdom
544075,22863,SOAP DISH BROCANTE,48,2011-02-15 14:50:00,2.55,14156,EIRE
512602,84832,ZINC WILLIE WINKIE  CANDLE STICK,12,2010-06-17 08:20:00,0.85,16492,United Kingdom
494147,DOT,DOTCOM POSTAGE,1,2010-01-11 14:39:00,225.76,,United Kingdom
557850,22333,RETROSPOT PARTY BAG + STICKER SET,8,2011-06-23 10:56:00,1.65,12720,Germany
533423,21914,BLUE HARMONICA IN BOX ,12,2010-11-17 11:19:00,1.25,16386,United Kingdom
508825,37340,MULTICOLOUR SPRING FLOWER MUG,6,2010-05-18 13:36:00,0.85,17043,United Kingdom
570244,22625,RED KITCHEN SCALES,1,2011-10-09 16:05:00,8.5,14514,United Kingdom
520076,20914,SET/5 RED SPOTTY LID GLASS BOWLS,6,2010-08-24 09:44:00,2.95,12472,Germany
561820,20726,LUNCH BAG WOODLAND,1,2011-07-29 16:00:00,4.13,,United Kingdom
511035,20717,STRAWBERRY SHOPPER BAG,4,2010-06-06 10:57:00,1.25,16242,United Kingdom
539112,82486,WOOD S/3 CABINET ANT WHITE FINISH,2,2010-12-16 11:15:00,7.95,13468,United Kingdom
492226,21378,SMALL TALL CAMPHOR WOOD TOADSTOOL,2,2009-12-15 18:33:00,3.43,,United Kingdom
523936,21447,12 IVORY ROSE PEG PLACE SETTINGS,12,2010-09-26 10:48:00,1.25,16168,United Kingdom
565461,22568,FELTCRAFT CUSHION OWL,4,2011-09-05 09:34:00,3.75,18261,United Kingdom
540496,21519,GIN & TONIC DIET GREETING CARD ,12,2011-01-07 17:18:00,0.42,15485,United Kingdom
555275,20961,STRAWBERRY BATH SPONGE ,1,2011-06-01 17:18:00,2.46,,United Kingdom
492425,21107,CREAM SLICE FLANNEL PINK SPOT ,10,2009-12-16 17:58:00,6.04,,United Kingdom
C525415,M,Manual,-1,2010-10-05 12:43:00,208.63,13290,United Kingdom
531362,21136,PAINTED METAL PEARS ASSORTED,1,2010-11-07 14:28:00,1.69,13561,United Kingdom
533353,22867,HAND WARMER BIRD DESIGN,24,2010-11-17 10:02:00,2.1,13767,United Kingdom
550579,22629,SPACEBOY LUNCH BOX ,12,2011-04-19 11:52:00,1.95,13266,United Kingdom
C494041,21788,KIDS RAIN MAC BLUE,-24,2010-01-11 11:57:00,0.85,12533,Germany
545996,22083,PAPER CHAIN KIT RETROSPOT,3,2011-03-08 14:12:00,2.95,14367,United Kingdom
506137,21217,RED SPOTTY ROUND CAKE TINS,2,2010-04-27 15:31:00,9.95,13319,United Kingdom
555542,22721,SET OF 3 CAKE TINS SKETCHBOOK,3,2011-06-05 12:51:00,4.95,15108,European Community
568675,22661,CHARLOTTE BAG DOLLY GIRL DESIGN,30,2011-09-28 13:32:00,0.72,14298,United Kingdom
581492,90013A,MIDNIGHT BLUE VINTAGE EARRINGS,3,2011-12-09 10:03:00,3.73,,United Kingdom
578308,23320,GIANT 50'S CHRISTMAS CRACKER,2,2011-11-23 16:09:00,2.89,12748,United Kingdom
523115,22204,MILK PAN BLUE RETROSPOT,4,2010-09-20 12:41:00,3.75,12388,Australia
554098,23174,REGENCY SUGAR BOWL GREEN,2,2011-05-22 13:01:00,4.15,14769,United Kingdom
565839,22413,METAL SIGN TAKE IT OR LEAVE IT ,12,2011-09-07 11:46:00,2.95,13186,United Kingdom
533029,21217,RED RETROSPOT ROUND CAKE TINS,6,2010-11-15 16:05:00,9.95,17706,United Kingdom
581217,22187,GREEN CHRISTMAS TREE CARD HOLDER,4,2011-12-08 09:20:00,8.29,,United Kingdom
492593,47369B,BLUE GREEN EMBROIDERY COSMETIC BAG,1,2009-12-17 15:44:00,2.95,15917,United Kingdom
556107,23109,LED TEA LIGHTS,6,2011-06-08 17:09:00,2.89,17360,United Kingdom
571506,20679,EDWARDIAN PARASOL RED,2,2011-10-17 15:22:00,5.95,15355,United Kingdom
534459,21829,DINOSAUR KEYRINGS ASSORTED,2,2010-11-23 09:12:00,0.43,,United Kingdom
522983,22666,RECIPE BOX PANTRY YELLOW DESIGN,1,2010-09-19 14:07:00,2.95,17913,United Kingdom
526392,22411,JUMBO SHOPPER VINTAGE RED PAISLEY,10,2010-10-11 13:19:00,1.95,17675,United Kingdom
559338,22199,FRYING PAN RED RETROSPOT,2,2011-07-07 16:30:00,4.13,,United Kingdom
C581330,22959,WRAP CHRISTMAS VILLAGE,-25,2011-12-08 11:57:00,0.42,15877,United Kingdom
498090,21754,HOME BUILDING BLOCK WORD,2,2010-02-16 12:30:00,5.95,17287,United Kingdom
497683,85065,CREAM SWEETHEART TRAYS,10,2010-02-11 15:02:00,9.95,16839,United Kingdom
558240,23309,SET OF 60 I LOVE LONDON CAKE CASES ,3,2011-06-27 15:27:00,1.25,,United Kingdom
532149,21080,SET/20 RED RETROSPOT PAPER NAPKINS ,12,2010-11-11 12:04:00,0.85,15290,United Kingdom
542115,DOT,DOTCOM POSTAGE,1,2011-01-25 14:01:00,247.54,,United Kingdom
528239,84991,60 TEATIME FAIRY CAKE CASES,24,2010-10-21 11:42:00,0.55,16954,United Kingdom
C555252,23110,PARISIENNE KEY CABINET ,-1,2011-06-01 15:13:00,5.75,12987,United Kingdom
507218,85226C,BLUE PULL BACK RACING CAR,6,2010-05-06 19:08:00,0.55,14713,United Kingdom
C500494,C2,CARRIAGE,-1,2010-03-08 12:59:00,50.0,13377,United Kingdom
520044,22759,SET OF 3 NOTEBOOKS IN PARCEL,12,2010-08-23 14:35:00,1.65,16170,United Kingdom
503538,22315,200 RED + WHITE BENDY STRAWS,1,2010-04-01 14:04:00,1.25,14692,United Kingdom
505883,POST,POSTAGE,6,2010-04-26 13:53:00,18.0,12471,Germany
523839,21928,JUMBO BAG SCANDINAVIAN PAISLEY,30,2010-09-24 12:08:00,1.95,14001,United Kingdom
529082,84991,60 TEATIME FAIRY CAKE CASES,1,2010-10-26 13:11:00,0.55,14546,United Kingdom
538007,21894,POTTING SHED SEED ENVELOPES,12,2010-12-09 12:16:00,1.25,14355,United Kingdom
517980,22218,CAKE STAND LACE WHITE,3,2010-08-03 14:42:00,4.25,14219,United Kingdom
562892,21974,SET OF 36 PAISLEY FLOWER DOILIES,12,2011-08-10 12:24:00,1.45,16292,United Kingdom
509611,48188,DOOR MAT WELCOME PUPPIES,1,2010-05-25 09:03:00,13.57,,United Kingdom
516700,22166,"WALL MIRROR , RECT DIAMANTE, PINK/",1,2010-07-22 12:09:00,16.13,,United Kingdom
566914,21121,SET/10 RED POLKADOT PARTY CANDLES,4,2011-09-15 14:08:00,1.25,15466,United Kingdom
536592,21108,FAIRY CAKE FLANNEL ASSORTED COLOUR,19,2010-12-01 17:06:00,5.06,,United Kingdom
570333,17136A,BLUE STONES ON WIRE FOR CANDLE,5,2011-10-10 12:19:00,0.08,18126,United Kingdom
556241,23052,RECYCLED ACAPULCO MAT TURQUOISE,2,2011-06-09 16:04:00,8.25,12597,Spain
568234,46000S,POLYESTER FILLER PAD 40x40cm,8,2011-09-26 11:38:00,1.45,17705,United Kingdom
574950,84951B,SET OF 4 BLACK LOVEBIRD COASTERS,1,2011-11-08 09:29:00,2.46,,United Kingdom
C576898,POST,POSTAGE,-2,2011-11-17 08:47:00,65.0,17828,Malta
494591,POST,POSTAGE,1,2010-01-15 12:06:00,15.0,12789,Netherlands
508753,22611,VINTAGE UNION JACK SHOPPING BAG,2,2010-05-18 11:50:00,4.95,13018,United Kingdom
576075,22356,CHARLOTTE BAG PINK POLKADOT,6,2011-11-13 16:16:00,0.85,15861,United Kingdom
522093,35970,ZINC FOLKART SLEIGH BELLS,6,2010-09-12 13:06:00,1.69,15406,United Kingdom
C564907,23296,SET OF 6 TEA TIME BAKING CASES,-3,2011-08-31 12:24:00,1.25,18225,United Kingdom
556095,22219,LOVEBIRD HANGING DECORATION WHITE ,6,2011-06-08 15:27:00,1.63,,United Kingdom
511522,85066,CREAM SWEETHEART MINI CHEST,1,2010-06-08 16:47:00,12.75,16072,United Kingdom
542995,48194,DOORMAT HEARTS,2,2011-02-02 12:09:00,7.95,13728,United Kingdom
491634,21935,SUKI  SHOULDER BAG,3,2009-12-11 15:40:00,1.65,17841,United Kingdom
568145,22496,SET OF 2 ROUND TINS DUTCH CHEESE,6,2011-09-25 11:30:00,2.95,12388,Australia
575886,21731,RED TOADSTOOL LED NIGHT LIGHT,12,2011-11-11 13:57:00,1.65,12517,Germany
550994,84970L,SINGLE HEART ZINC T-LIGHT HOLDER,12,2011-04-21 19:55:00,0.95,14562,United Kingdom
524972,20724,RED RETROSPOT CHARLOTTE BAG,10,2010-10-01 14:57:00,0.85,13849,United Kingdom
577545,23191,BUNDLE OF 3 RETRO NOTE BOOKS,6,2011-11-20 14:43:00,1.65,16931,United Kingdom
555523,22077,6 RIBBONS RUSTIC CHARM,12,2011-06-05 11:36:00,1.65,12468,Germany
536544,20669,RED HEART LUGGAGE TAG,1,2010-12-01 14:32:00,2.51,,United Kingdom
562540,84877D,BLUE ROUND COMPACT MIRROR,2,2011-08-05 15:38:00,1.25,17400,United Kingdom
573553,15056bl,EDWARDIAN PARASOL BLACK,1,2011-10-31 13:48:00,12.46,,United Kingdom
567957,23012,GLASS APOTHECARY BOTTLE PERFUME,4,2011-09-23 09:00:00,3.95,16136,United Kingdom
525221,22712,CARD DOLLY GIRL ,3,2010-10-04 12:51:00,0.85,,United Kingdom
531357,22634,CHILDS BREAKFAST SET SPACEBOY ,2,2010-11-07 14:04:00,9.95,12437,France
506467,22083,PAPER CHAIN KIT RETRO SPOT,400,2010-04-30 09:06:00,2.55,16754,United Kingdom
493739,21991,BOHEMIAN COLLAGE STATIONERY SET,24,2010-01-06 12:16:00,1.25,14194,United Kingdom
578270,21154,RED RETROSPOT OVEN GLOVE ,1,2011-11-23 13:39:00,2.46,14096,United Kingdom
502829,21687,SILVER PLATE CANDLE BOWL LARGE,2,2010-03-28 12:20:00,3.75,17827,United Kingdom
512567,22479,DAISY GARDEN MARKER,10,2010-06-16 14:41:00,1.25,14619,United Kingdom
524934,22569,FELTCRAFT CUSHION BUTTERFLY,4,2010-10-01 11:49:00,3.75,17521,United Kingdom
527095,22403,MAGNETS PACK OF 4 VINTAGE LABELS ,1,2010-10-14 16:24:00,1.25,17823,United Kingdom
530372,22697,GREEN REGENCY TEACUP AND SAUCER,1,2010-11-02 16:20:00,2.95,17276,United Kingdom
577095,35637A,IVORY STRING CURTAIN WITH POLE ,1,2011-11-17 16:39:00,1.95,15867,United Kingdom
507025,85025C,PINK HEART SHAPE PHOTO FRAME,4,2010-05-05 14:42:00,3.36,,United Kingdom
513335,21930,JUMBO STORAGE BAG SKULLS,10,2010-06-24 09:49:00,1.95,17686,United Kingdom
542646,22930,BAKING MOULD HEART MILK CHOCOLATE,8,2011-01-31 11:42:00,2.55,17220,United Kingdom
575059,M,Manual,30,2011-11-08 12:25:00,0.39,14071,United Kingdom
578065,22153,ANGEL DECORATION STARS ON DRESS,1,2011-11-22 15:41:00,0.83,,United Kingdom
490957,22139,RETRO SPOT TEA SET CERAMIC 11 PC ,3,2009-12-08 15:12:00,4.95,15823,United Kingdom
535662,21755,LOVE BUILDING BLOCK WORD,1,2010-11-28 11:37:00,5.95,16782,United Kingdom
517859,22112,CHOCOLATE HOT WATER BOTTLE,3,2010-08-02 14:02:00,4.95,13357,United Kingdom
516885,20897,VINTAGE NOTEBOOK PARIS DAYS,6,2010-07-23 14:16:00,2.95,12615,France
531734,22456,NATURAL SLATE CHALKBOARD LARGE ,2,2010-11-09 12:27:00,4.95,15719,United Kingdom
505090,84520B,PACK 20 ENGLISH ROSE PAPER NAPKINS,12,2010-04-20 10:40:00,0.85,18276,United Kingdom
507939,16254,,-4,2010-05-12 10:18:00,0.0,,United Kingdom
518076,22413,METAL SIGN TAKE IT OR LEAVE IT ,3,2010-08-04 13:42:00,2.95,15456,United Kingdom
523696,22027,TEA PARTY BIRTHDAY CARD,1,2010-09-23 14:47:00,0.85,,United Kingdom
498764,84990,60 GOLD AND SILVER FAIRY CAKE CASES,3,2010-02-22 17:21:00,0.55,14081,United Kingdom
C517715,M,Manual,-1,2010-08-01 11:22:00,95.0,12748,United Kingdom
555015,21314,SMALL GLASS HEART TRINKET POT,8,2011-05-31 10:45:00,2.1,16558,United Kingdom
561094,23076,ICE CREAM SUNDAE LIP GLOSS,24,2011-07-25 10:04:00,1.25,12474,Germany
508193,22071,SMALL WHITE RETROSPOT MUG IN BOX ,2,2010-05-13 13:23:00,3.75,16906,United Kingdom
C575042,20914,SET/5 RED RETROSPOT LID GLASS BOWLS,-1,2011-11-08 12:05:00,2.95,16764,United Kingdom
526108,21705,BAG 500g SWIRLY MARBLES,12,2010-10-08 12:48:00,1.65,14904,United Kingdom
491715,20992,JAZZ HEARTS PURSE NOTEBOOK,12,2009-12-13 15:43:00,0.85,14277,France
524506,22649,STRAWBERRY FAIRY CAKE TEAPOT,8,2010-09-29 12:40:00,4.95,17470,United Kingdom
537764,84879,ASSORTED COLOUR BIRD ORNAMENT,3,2010-12-08 12:06:00,1.69,16893,United Kingdom
521839,22413,METAL SIGN TAKE IT OR LEAVE IT ,6,2010-09-09 10:50:00,2.95,12635,Germany
571426,84029E,RED WOOLLY HOTTIE WHITE HEART.,4,2011-10-17 12:41:00,4.25,15179,United Kingdom
507401,22093,MOTORING TISSUE BOX,1,2010-05-09 13:38:00,1.25,15555,United Kingdom
569537,23507,MINI PLAYING CARDS BUFFALO BILL ,20,2011-10-04 15:45:00,0.42,13269,United Kingdom
507682,71053,WHITE METAL LANTERN,24,2010-05-11 09:48:00,3.39,16323,United Kingdom
564756,22747,POPPY'S PLAYHOUSE BATHROOM,1,2011-08-30 10:33:00,4.13,,United Kingdom
547658,21454,PAINTED PINK RABBIT ,2,2011-03-24 13:04:00,0.85,13736,United Kingdom
514498,21507,"ELEPHANT, BIRTHDAY CARD, ",1,2010-07-04 10:45:00,0.42,16782,United Kingdom
559297,23308,SET OF 60 VINTAGE LEAF CAKE CASES ,12,2011-07-07 12:36:00,0.55,16743,United Kingdom
563551,22197,POPCORN HOLDER,10,2011-08-17 13:04:00,0.85,17757,United Kingdom
566723,23399,HOME SWEET HOME HANGING HEART,12,2011-09-14 13:02:00,0.85,15804,United Kingdom
547385,47593B,SCOTTIE DOGS BABY BIB,1,2011-03-22 15:48:00,0.83,,United Kingdom
580729,84884A,ANT WHITE WIRE HEART SPIRAL,1,2011-12-05 17:24:00,8.29,,United Kingdom
538205,22941,CHRISTMAS LIGHTS 10 REINDEER,1,2010-12-10 11:24:00,8.5,12748,United Kingdom
576864,21263,GREEN GOOSE FEATHER TREE 60CM,2,2011-11-16 16:06:00,1.95,12748,United Kingdom
507654,21114,LAVENDER SCENTED FABRIC HEART,10,2010-05-10 16:04:00,1.25,13585,United Kingdom
525235,21116,OWL DOORSTOP,1,2010-10-04 14:30:00,8.47,,United Kingdom
C537251,84347,ROTATING SILVER ANGELS T-LIGHT HLDR,-9,2010-12-06 10:45:00,2.55,,United Kingdom
573579,21156,RETROSPOT CHILDRENS APRON,1,2011-10-31 14:19:00,1.95,15033,United Kingdom
C490509,85048,15CM CHRISTMAS GLASS BALL 20 LIGHTS,-2,2009-12-06 14:34:00,7.95,15822,United Kingdom
554278,21790,VINTAGE SNAP CARDS,3,2011-05-23 13:25:00,0.85,13831,United Kingdom
522116,21692,SILVER LATTICE VANILLA CANDLE POT,2,2010-09-12 16:08:00,3.75,17921,United Kingdom
510291,21474,SWEETHEART CREAM STEEL FOLDIN BENCH,2,2010-05-28 11:47:00,19.95,13338,United Kingdom
569521,21181,PLEASE ONE PERSON METAL SIGN,1,2011-10-04 14:33:00,2.1,16474,United Kingdom
490393,21186,WHITE DOVE HONEYCOMB PAPER GARLAND,12,2009-12-05 16:01:00,1.65,17642,United Kingdom
548162,22079,RIBBON REEL HEARTS DESIGN ,2,2011-03-29 13:42:00,2.46,,United Kingdom
580541,23293,SET OF 12 FAIRY CAKE BAKING CASES,8,2011-12-05 09:03:00,0.83,15358,United Kingdom
562420,21985,PACK OF 12 HEARTS DESIGN TISSUES ,1,2011-08-04 16:38:00,0.83,,United Kingdom
537219,21210,SET OF 72 RETROSPOT PAPER  DOILIES,2,2010-12-05 15:47:00,1.45,14081,United Kingdom
C571859,85159A,"BLACK TEA,COFFEE,SUGAR JARS",-1,2011-10-19 13:39:00,1.95,15159,United Kingdom
570688,85099C,JUMBO  BAG BAROQUE BLACK WHITE,2,2011-10-11 16:29:00,4.13,,United Kingdom
C490358,21258,VICTORIAN SEWING BOX LARGE,-5,2009-12-04 16:51:00,10.95,18225,United Kingdom
521647,85169D,PINK LOVE BIRD CANDLE,1,2010-09-07 13:25:00,1.25,14606,United Kingdom
559641,22334,DINOSAUR PARTY BAG + STICKER SET,1,2011-07-11 12:31:00,1.65,13184,United Kingdom
517454,47563A,RETRO LONGBOARD IRONING BOARD COVER,1,2010-07-29 11:22:00,5.91,,United Kingdom
512709,21080,SET/20 RED SPOTTY PAPER NAPKINS ,3,2010-06-17 12:21:00,0.85,16115,United Kingdom
491971,21851,LILAC DIAMANTE PEN IN GIFT BOX,1,2009-12-14 18:37:00,4.3,,United Kingdom
567673,22663,JUMBO BAG DOLLY GIRL DESIGN,1,2011-09-21 15:43:00,4.13,,United Kingdom
